date_of_report,date_of_reports,ref,deceased_name,deceased_names,coroner_name,coroner_area,category,this_report_is_being_sent_to,these_report_are_being_sent_to,url
07/06/2023,,2023-0191,Brenda Shields,,Nicholas Shaw,Cumbria,"Suicide (from 2015) | Alcohol, drugs medication related deathsThis report is being sent to",,,https://www.judiciary.uk/prevention-of-future-death-reports/brenda-shaw-prevention-of-future-deaths-report/
11/06/2023,,2023-0190,Marlene McCabe,,Timothy Holloway,Blackpool & Fylde,Other related deathsThis report is being sent to,,,https://www.judiciary.uk/prevention-of-future-death-reports/marlene-mccabe-prevention-of-future-deaths-report/
09/06/2023,,2023-0189,Elsie Murphy,,Nicholas Shaw,Cumbria,Other related deathsThis report is being sent to,,,https://www.judiciary.uk/prevention-of-future-death-reports/elsie-murphy-prevention-of-future-deaths-report/
09/06/2023,,2023-0188,Alice Fox,,Peter Nieto,Derby and Derbyshire,Hospital Death (Clinical Procedures and medical management) related deathsThis report is being sent to,,,https://www.judiciary.uk/prevention-of-future-death-reports/alice-fox-prevention-of-future-deaths-report/
07/06/2023,,2023-0187,Anthony Smith,,Nicholas Rheinberg,Lancashire and Blackburn with Darwen,State Custody related deathsThis report is being sent to,,,https://www.judiciary.uk/prevention-of-future-death-reports/anthony-smith-prevention-of-future-deaths-report/
05/06/2023,,2023-0186,Jonathan Cole,,Sophie Cartwright,Derby and Derbyshire,Other related deathsThis report is being sent to,,,https://www.judiciary.uk/prevention-of-future-death-reports/jonathan-cole-prevention-of-future-deaths-report/
08/06/2023,,2023-0185,Eifion Huws,,Kate Sutherland,North West Wales,Suicide (from 2015)This report is being sent to,,,https://www.judiciary.uk/prevention-of-future-death-reports/eifion-huws-prevention-of-future-deaths-report/
08/06/2023,,2023-0184,David Wilson,,Kevin McLoughlin,West Yorkshire (Eastern),Hospital Death (Clinical Procedures and medical management) related deathsThis report is being sent to,,,https://www.judiciary.uk/prevention-of-future-death-reports/david-wilson-prevention-of-future-deaths-report/
09/05/2023,,2023-0183,Sandra Finch,,Emma Serrano,Stoke on Trent and North Staffordshire,Emergency services related deaths (2019 onwards)This report is being sent to,,,https://www.judiciary.uk/prevention-of-future-death-reports/sandra-finch-prevention-of-future-deaths-report/
08/06/2023,,2023-0182,Ivan Ignatov,,Rachael Griffin,Dorset,Other related deathsThis report is being sent to,,,https://www.judiciary.uk/prevention-of-future-death-reports/ivan-ignatov-prevention-of-future-deaths-report/
07/06/2023,,2023-0181,David Wood,,Tom Osborne,Milton Keynes,Suicide (from 2015) | Mental Health related deathsThis report is being sent to,,,https://www.judiciary.uk/prevention-of-future-death-reports/david-wood-prevention-of-future-deaths-report/
07/06/2023,,2023-0180,Robert Stevenson,,Martin Fleming,West Yorkshire (Western),"Suicide (from 2015) | Alcohol, drugs medication related deathsThis report is being sent to",,,https://www.judiciary.uk/prevention-of-future-death-reports/robert-stevenson-prevention-of-future-deaths-report/
02/06/2023,,2023-0179,Nigel Harper,,David Reid,Worcestershire,Suicide (from 2015)This report is being sent to,,,https://www.judiciary.uk/prevention-of-future-death-reports/nigel-harper-prevention-of-future-deaths-report/
/0206/2023,,2023-0178,Andrew Dean,,Michael Spencer,East Sussex,Suicide (from 2015)This report is being sent to,,,https://www.judiciary.uk/prevention-of-future-death-reports/andrew-dean-prevention-of-future-deaths-report/
31/05/2023,,2023-0177,Andrew Shambrook,,John Gittins,North Wales East and Central,Suicide (from 2015)This report is being sent to,,,https://www.judiciary.uk/prevention-of-future-death-reports/andrew-shambrook-prevention-of-future-deaths-report/
25/05/2023,,2023-0176,Jean Hardy,,Karen Dilks,Newcastle upon Tyne and North Tyneside,Road (Highways Safety) related deathsThis report is being sent to,,,https://www.judiciary.uk/prevention-of-future-death-reports/jean-hardy-prevention-of-future-deaths-report/
30/05/2023,,2023-0175,Carol Clements,,Rebecca Ollivere,Birmingham and Solihull,Care Home Health related deathsThis report is being sent to,,,https://www.judiciary.uk/prevention-of-future-death-reports/carol-clements-prevention-of-future-deaths-report/
26/05/2023,,2023-0174,Jessica Hodgkinson,,Matthew Kewley,Derby and Derbyshire,Hospital Death (Clinical Procedures and medical management) related deathsThis report is being sent to,,,https://www.judiciary.uk/prevention-of-future-death-reports/jessica-hodgkinson-prevention-of-future-deaths-report/
26/05/2023,,2023-0173,Conrad Colson,,Nadia Persaud,East London,Suicide (from 2015)This report is being sent to,,,https://www.judiciary.uk/prevention-of-future-death-reports/conrad-colson-prevention-of-future-deaths-report/
12/05/2023,,2023-0172,Angela Craddock,,Jacqueline Devonish,Cheshire,Other related deathsThis report is being sent to,,,https://www.judiciary.uk/prevention-of-future-death-reports/angela-craddock-prevention-of-future-deaths-report/
24/05/2023,,2023-0171,Peter Camp,,Jason Pegg,"Hampshire, Portsmouth and Southampton",Other related deathsThis report is being sent to,,,https://www.judiciary.uk/prevention-of-future-death-reports/peter-camp-prevention-of-future-deaths-report/
23/05/2023,,2023-0170,Daniel Lyle,,Paul Rogers,Inner West London,Mental Health related deathsThis report is being sent to,,,https://www.judiciary.uk/prevention-of-future-death-reports/daniel-lyle-prevention-of-future-deaths-report/
22/05/2023,,2023-0169,Kaius Tutt,,Guy Davies,Cornwall and the Isles of Scilly,Road (Highways Safety) related deathsThis report is being sent to,,,https://www.judiciary.uk/prevention-of-future-death-reports/kaiustutt-prevention-of-future-deaths-report/
22/05/2023,,2023-0168,Karl Mitchell,,Peter Harrowing,Avon,Accident at Work and health and Safety related deaths | Other related deathsThis report is being sent to,,,https://www.judiciary.uk/prevention-of-future-death-reports/61812-2/
19/05/2023,,2023-0167,Amelia Barbosa,,Samantha Goward,Cambridgeshire and Peterborough,Child Death (from 2015)This report is being sent to,,,https://www.judiciary.uk/prevention-of-future-death-reports/amelia-barbosa-prevention-of-future-deaths-report/
19/05/2023,,2023-0166,Emilia Watson,,Richard Brittain,Warwickshire,Child Death (from 2015)This report is being sent to,,,https://www.judiciary.uk/prevention-of-future-death-reports/emilia-watson-prevention-of-future-deaths-report/
19/05/2023,,2023-0165,Norma Bruton,,Vanessa McKinlay,Birmingham and Solihull,Hospital Death (Clinical Procedures and medical management) related deathsThis report is being sent to,,,https://www.judiciary.uk/prevention-of-future-death-reports/norma-bruton-prevention-of-future-deaths-report/
18/05/2023,,2023-0163,Samuel Morgan,,Kristen Heaven,Swansea Neath Port Talbot,Suicide (from 2015)This report is being sent to,,,https://www.judiciary.uk/prevention-of-future-death-reports/samuel-morgan-prevention-of-future-deaths-report/
11/05/2023,,2023-0162,Julie Nolan,,Andrew Hetherington,North Northumberland and South Northumberland,Care Home Health related deathsThis report is being sent to,,,https://www.judiciary.uk/prevention-of-future-death-reports/julie-nolan-prevention-of-future-deaths-report/
16/05/2023,,2023-0161,Stuart Robinson,,Kate Ainge,Liverpool and Wirral,Suicide (from 2015)This report is being sent to,,,https://www.judiciary.uk/prevention-of-future-death-reports/stuart-robinson-prevention-of-future-deaths-report/
12/05/2023,,2023-0160,Tamsin Dolamore,,Andrew Cox,Cornwall and the Isles of Scilly,Other related deathsThis report is being sent to,,,https://www.judiciary.uk/prevention-of-future-death-reports/tamsin-dolamore-prevention-of-future-deaths-report/
15/05/2023,,2023-0159,Julie Hancock,,Andrew Cox,Cornwall and the Isles of Scilly,Hospital Death (Clinical Procedures and medical management) related deathsThis report is being sent to,,,https://www.judiciary.uk/prevention-of-future-death-reports/julie-hancock-prevention-of-future-deaths-report/
16/05/2023,,2023-0158,Roger Southwick,,Christopher Briggs,Manchester South,Hospital Death (Clinical Procedures and medical management) related deathsThis report is being sent to,,,https://www.judiciary.uk/prevention-of-future-death-reports/roger-southwick-prevention-of-future-deaths-report/
16/05/2023,,2023-0157,Carl Thompson,,Anna Morris,Manchester South,"Alcohol, drugs medication related deaths | Mental Health related deathsThis report is being sent to",,,https://www.judiciary.uk/prevention-of-future-death-reports/carl-thompson-prevention-of-future-deaths-report/
16/05/2023,,2023-0156,Benedict Peters,,Chris Morris,Manchester South,Hospital Death (Clinical Procedures and medical management) related deathsThis report is being sent to,,,https://www.judiciary.uk/prevention-of-future-death-reports/benedict-peters-prevention-of-future-deaths-report/
15/05/2023,,2023-0155,Drew Howe,,Chris Morris,Manchester South,Suicide (from 2015) | Mental Health related deathsThis report is being sent to,,,https://www.judiciary.uk/prevention-of-future-death-reports/drew-howe-prevention-of-future-deaths-report/
15/05/2023,,2023-0154,Rebecca Fisher,,Alison Mutch,Manchester South,Suicide (from 2015)This report is being sent to,,,https://www.judiciary.uk/prevention-of-future-death-reports/rebecca-fisher-prevention-of-future-deaths-report/
12/05/2023,,2023-0153,Barbara Mitchell,,Peter Straker,North London,Care Home Health related deathsThis report is being sent to,,,https://www.judiciary.uk/prevention-of-future-death-reports/barbara-mitchell-prevention-of-future-deaths-report/
15/05/2023,,2023-0152,Rebekah Mills,,Alison Mutch,Manchester South,Hospital Death (Clinical Procedures and medical management) related deathsThis report is being sent to,,,https://www.judiciary.uk/prevention-of-future-death-reports/rebekah-mills-prevention-of-future-deaths-report/
15/05/2023,,2023-0151,Raymond Lee,,Alison Mutch,Manchester South,Hospital Death (Clinical Procedures and medical management) related deathsThis report is being sent to,,,https://www.judiciary.uk/prevention-of-future-death-reports/raymond-lee-prevention-of-future-deaths-report/
12/05/2023,,2023-0150,Odessa Carey,,Andrew Hetherington,North Northumberland and South Northumberland,Other related deathsThis report is being sent to,,,https://www.judiciary.uk/prevention-of-future-death-reports/odessa-carey-prevention-of-future-deaths-report/
11/05/2023,,2023-0149,Nicholas Pennicott,,Penelope Schofield,West Sussex,Hospital Death (Clinical Procedures and medical management) related deathsThis report is being sent to,,,https://www.judiciary.uk/prevention-of-future-death-reports/nicholas-pennicott-prevention-of-future-deaths-report/
07/05/2023,,2023-0148,Bency Joseph,,Sonia Hayes,Essex,Mental Health related deathsThis report is being sent to,,,https://www.judiciary.uk/prevention-of-future-death-reports/bency-joseph-prevention-of-future-deaths-report/
05/05/2023,,2023-0147,Joshua Asprey,,Sonia Hayes,Essex,Mental Health related deathsThis report is being sent to,,,https://www.judiciary.uk/prevention-of-future-death-reports/joshua-asprey-prevention-of-future-deaths-report/
05/05/2023,,2023-0146,Callum Wong,,Peter Straker,North London,Child Death (from 2015) |Suicide (from 2015)This report is being sent to,,,https://www.judiciary.uk/prevention-of-future-death-reports/callum-wong-prevention-of-future-deaths-report/
13/02/2023,,2023-0145,Minaal Salam,,Emma Serrano,Stoke on Trent and North Staffordshire,Child Death (from 2015) | Road Traffic CollisionThis report is being sent to,,,https://www.judiciary.uk/prevention-of-future-death-reports/minaal-salam-prevention-of-future-deaths-report/
27/04/2023,,2023-0144,Caroline Forte,,Penelope Schofield,West Sussex,Suicide (from 2015)This report is being sent to,,,https://www.judiciary.uk/prevention-of-future-death-reports/caroline-forte-prevention-of-future-deaths-report/
28/04/2023,,2023-0143,Winbourne Charles,,Graeme Irvine,East London,Suicide (from 2015)This report is being sent to,,,https://www.judiciary.uk/prevention-of-future-death-reports/winbourne-charles-prevention-of-future-deaths-report/
27/04/2023,,2023-0142,Milan Hamza,,Simon Milburn,Cambridgeshire and Peterborough,Road (Highways Safety) related deaths | Child Death (from 2015)This report is being sent to,,,https://www.judiciary.uk/prevention-of-future-death-reports/milan-hamza-prevention-of-future-deaths-report/
27/04/2023,,2023-0141,Vivien Radocz,,Simon Milburn,Cambridgeshire and Peterborough,Cambridgeshire County CouncilThis report is being sent to,,,https://www.judiciary.uk/prevention-of-future-death-reports/vivien-radocz-prevention-of-future-deaths-report/
27/04/2023,,2023-0140,Ben Shipley,,Ian Pears,West Yorkshire Western,Mental Health related deaths | Railway related deathsThis report is being sent to,,,https://www.judiciary.uk/prevention-of-future-death-reports/ben-shipley-prevention-of-future-deaths-report/
26/04/2023,,2023-0139,Elsie Leaver,,Fiona Wilcox,Inner West London,Suicide (from 2015) | Hospital Death (Clinical Procedures and medical management) related deathsThis report is being sent to,,,https://www.judiciary.uk/prevention-of-future-death-reports/elsie-leaver-prevention-of-future-deaths-report/
26/04/2023,,2023-0138,Colin Gumm,,Paul Cooper,Lincolnshire,Hospital Death (Clinical Procedures and medical management) related deathsThis report is being sent to,,,https://www.judiciary.uk/prevention-of-future-death-reports/colin-gumm-prevention-of-future-deaths-report/
26/04/2023,,2023-0137,Nancy Price,,Kate Sutherland,North Wales East and Central,Hospital Death (Clinical Procedures and medical management) related deathsThis report is being sent to,,,https://www.judiciary.uk/prevention-of-future-death-reports/nancy-price-prevention-of-future-deaths-report/
26/04/2023,,2023-0136,Janet Smith,,Catherine Mason,Leicester City and South Leicestershire,Care Home Health related deathsThis report is being sent to,,,https://www.judiciary.uk/prevention-of-future-death-reports/janet-smith-prevention-of-future-deaths-report/
25/04/2023,,2023-0135,John Roberts,,Guy Davies,Cornwall and the Isles of Scilly,Hospital Death (Clinical Procedures and medical management) related deathsThis report is being sent to,,,https://www.judiciary.uk/prevention-of-future-death-reports/john-roberts-prevention-of-future-deaths-report/
12/05/2017,,2023-0134,Nasar Ahmed,,Mary Hassell,Inner North London,Child Death (from 2015) | Other related deathsThis report is being sent to,,,https://www.judiciary.uk/prevention-of-future-death-reports/nasar-ahmed-prevention-of-future-deaths-report/
24/04/2023,,2023-0133,Samuel Howes,,John Taylor,South London,Child Death (from 2015) | Suicide (from 2015) | Railway related deathsThis report is being sent to,,,https://www.judiciary.uk/prevention-of-future-death-reports/samuel-howes-prevention-of-future-deaths-report/
24/04/2023,,2023-0132,Christopher Evans,,Peter Harrowing,Avon,Other related deathsThis report is being sent to,,,https://www.judiciary.uk/prevention-of-future-death-reports/christopher-evans-prevention-of-future-deaths-report/
20/04/2023,,2023-0131,Jodie McCann,,Elizabeth Didcock,Nottinghamshire,Hospital Death (Clinical Procedures and medical management) related deathsThis report is being sent to,,,https://www.judiciary.uk/prevention-of-future-death-reports/jodie-mccann-prevention-of-future-deaths-report/
21/04/2023,,2023-0130,Peter Lawrence,,Heidi Connor,Berkshire,Hospital Death (Clinical Procedures and medical management) related deathsThis report is being sent to,,,https://www.judiciary.uk/prevention-of-future-death-reports/peter-lawrence-prevention-of-future-deaths-report/
21/04/2023,,2023-0129,Amy Henderson,,Caroline Topping,Surrey,Suicide (from 2015)This report is being sent to,,,https://www.judiciary.uk/prevention-of-future-death-reports/amy-henderson-prevention-of-future-deaths-report/
20/04/2023,,2023-0128,Joseph Maunick,,Peter Taheri,Suffolk,Hospital Death (Clinical Procedures and medical management) related deathsThis report is being sent to,,,https://www.judiciary.uk/prevention-of-future-death-reports/joseph-maunick-prevention-of-future-deaths-report/
20/04/2023,,2023-0127,Chester Mossop,,Kirsty Gomersal,Cumbria,Child Death (from 2015) This report is being sent to,,,https://www.judiciary.uk/prevention-of-future-death-reports/chester-mossop-prevention-of-future-deaths-report/
19/04/2023,,2023-0126,Elizabeth Hutchins,,Maria Voisin,Avon,Hospital Death (Clinical Procedures and medical management) related deathsThis report is being sent to,,,https://www.judiciary.uk/prevention-of-future-death-reports/elizabeth-hutchins-prevention-of-future-deaths-report/
19/04/2023,,2023-0125,David Mason,,Nicholas Lane,Worcestershire,Hospital Death (Clinical Procedures and medical management) related deathsThis report is being sent to,,,https://www.judiciary.uk/prevention-of-future-death-reports/david-mason-prevention-of-future-deaths-report/
18/04/2023,,2023-0124,Patrick Soames,,Edmund Gritt,South London,Suicide (from 2015)This report is being sent to,,,https://www.judiciary.uk/prevention-of-future-death-reports/patrick-soames-prevention-of-future-deaths-report/
15/02/2023,,2023-0123,Natalie Young,,Samantha Marsh,Somerset,Other related deathsThis report is being sent to,,,https://www.judiciary.uk/prevention-of-future-death-reports/natalie-young-prevention-of-future-deaths-report/
24/04/2020,,2023-0122,Russell Curwen,,James Newman,Lancashire and Blackburn with Darwen,Other related deaths | Road (Highways Safety) related deathsThis report is being sent to,,,https://www.judiciary.uk/prevention-of-future-death-reports/russell-curwen-prevention-of-future-deaths-report/
18/04/2023,,2023-0121,David Levett,,Anne Pember,Northamptonshire,Road (Highways Safety) related deathsThis report is being sent to,,,https://www.judiciary.uk/prevention-of-future-death-reports/david-levett-prevention-of-future-deaths-report/
18/04/2023,,2023-0120,John Stiff,,Nadia Persaud,East London,Hospital Death (Clinical Procedures and medical management) related deathsThis report is being sent to,,,https://www.judiciary.uk/prevention-of-future-death-reports/john-stiff-prevention-of-future-deaths-report/
18/04/2023,,2023-0119,Keith Hodson,,Hugh Bricknell,Herefordshire,Hospital Death (Clinical Procedures and medical management) related deathsThis report is being sent to,,,https://www.judiciary.uk/prevention-of-future-death-reports/keith-hodson-prevention-of-future-deaths-report/
15/04/2023,,2023-0118,Sara Jones,,Duncan Ritchie,Stoke on Trent and North Staffordshire,Road (Highways Safety) related deaths This report is being sent to,,,https://www.judiciary.uk/prevention-of-future-death-reports/sara-jones-prevention-of-future-deaths-report/
06/04/2023,,2023-0117,Alexandra Briess,,Heidi Connor,Berkshire,Child Death (from 2015) | Hospital Death (Clinical Procedures and medical management) related deathsThis report is being sent to,,,https://www.judiciary.uk/prevention-of-future-death-reports/alexandra-briess-prevention-of-future-deaths-report/
04/04/2023,,2023-0116,Thomas Jayamaha,,Elizabeth Didcock,Nottinghamshire,Suicide (from 2015)This report is being sent to,,,https://www.judiciary.uk/prevention-of-future-death-reports/thomas-jayamaha-prevention-of-future-deaths-report/
31/03/2023,,2023-0112,Veronica Jenkins,,Anna Crawford,Surrey,Emergency services related deaths (2019 onwards)This report is being sent to,,,https://www.judiciary.uk/prevention-of-future-death-reports/veronica-jenkins-prevention-of-future-deaths-report/
03/04/2023,,2023-0115,REDACTED,,Alan Wilson,Blackpool & Fylde,Child Death (from 2015) This report is being sent to,,,https://www.judiciary.uk/prevention-of-future-death-reports/joseph-bitsakaki-prevention-of-future-deaths-report/
07/02/2023,,2023-0114,Bridget Gormley,,David Reid,Worcestershire,Care Home Health related deathsThis report is being sent to,,,https://www.judiciary.uk/prevention-of-future-death-reports/bridget-gormley-prevention-of-future-deaths-report/
31/03/2023,,2023-0113,Benjamin Hart,,Patricia Harding,Central and South East Kent,Suicide (from 2015)This report is being sent to,,,https://www.judiciary.uk/prevention-of-future-death-reports/benjamin-hart-prevention-of-future-deaths-report/
30/03/2023Ref,,,,,,,,,,https://www.judiciary.uk/prevention-of-future-death-reports/carol-robinson-prevention-of-future-deaths-report/
29/03/2023Ref,,,,,,,,,,https://www.judiciary.uk/prevention-of-future-death-reports/rebecca-kirby-prevention-of-future-deaths-report/
29/03/2023Ref,,,,,,,,,,https://www.judiciary.uk/prevention-of-future-death-reports/angela-kearn-prevention-of-future-deaths-report/
28/03/2023Ref,,,,,,,,,,https://www.judiciary.uk/prevention-of-future-death-reports/louis-rogers-prevention-of-future-deaths-report/
27/03/2023Ref,,,,,,,,,,https://www.judiciary.uk/prevention-of-future-death-reports/aoife-mcadam-prevention-of-future-deaths-report/
27/03/2023Ref,,,,,,,,,,https://www.judiciary.uk/prevention-of-future-death-reports/kayleigh-burns-prevention-of-future-deaths-report/
24/07/2017Ref,,,,,,,,,,https://www.judiciary.uk/prevention-of-future-death-reports/gustavo-da-cruz-mohit-dupar-inthushan-sriskantharasa-gurushanth-srithavarajah-kenugen-saththiyanathan-kobikanthan-saththiyanathan-and-nitharsan-ravi-prevention-of-future-deaths-report/
26/03/2023Ref,,,,,,,,,,https://www.judiciary.uk/prevention-of-future-death-reports/jordan-clare-prevention-of-future-deaths-report/
23/03/2023Ref,,,,,,,,,,https://www.judiciary.uk/prevention-of-future-death-reports/benjamin-nelson-roux-prevention-of-future-deaths-report/
24/03/2023Ref,,,,,,,,,,https://www.judiciary.uk/prevention-of-future-death-reports/richard-hill-prevention-of-future-deaths-report/
23/03/2023Ref,,,,,,,,,,https://www.judiciary.uk/prevention-of-future-death-reports/jade-revell-prevention-of-future-deaths-report/
22/03/2023Ref,,,,,,,,,,https://www.judiciary.uk/prevention-of-future-death-reports/kenneth-adams-prevention-of-future-deaths-report/
22/03/2023Ref,,,,,,,,,,https://www.judiciary.uk/prevention-of-future-death-reports/ben-harrison-prevention-of-future-deaths-report/
30/08/2022Ref,,,,,,,,,,https://www.judiciary.uk/prevention-of-future-death-reports/jennifer-davies-prevention-of-future-deaths-report/
14/03/2023Ref,,,,,,,,,,https://www.judiciary.uk/prevention-of-future-death-reports/nicola-norman-prevention-of-future-deaths-report/
17/03/2023Ref,,,,,,,,,,https://www.judiciary.uk/prevention-of-future-death-reports/benjamin-teague-prevention-of-future-deaths-report/
16/03/2023Ref,,,,,,,,,,https://www.judiciary.uk/prevention-of-future-death-reports/rachael-walker-prevention-of-future-deaths-report/
15/03/2023Ref,,,,,,,,,,https://www.judiciary.uk/prevention-of-future-death-reports/jai-singh-prevention-of-future-deaths-report/
16/03/2023Ref,,,,,,,,,,https://www.judiciary.uk/prevention-of-future-death-reports/john-ibbotson-prevention-of-future-deaths-report/
16/03/2023Ref,,,,,,,,,,https://www.judiciary.uk/prevention-of-future-death-reports/brian-harfield-prevention-of-future-deaths-report/
15/03/2023Ref,,,,,,,,,,https://www.judiciary.uk/prevention-of-future-death-reports/tarik-drakes-prevention-of-future-deaths-report/
13/03/2023Ref,,,,,,,,,,https://www.judiciary.uk/prevention-of-future-death-reports/lugh-baker-prevention-of-future-deaths-report/
13/03/2023Ref,,,,,,,,,,https://www.judiciary.uk/prevention-of-future-death-reports/charlotte-comer-prevention-of-future-deaths-report/
13/03/2023Ref,,,,,,,,,,https://www.judiciary.uk/prevention-of-future-death-reports/kelly-dunne-prevention-of-future-deaths-report/
13/03/2023Ref,,,,,,,,,,https://www.judiciary.uk/prevention-of-future-death-reports/gunapathyammah-ragnanathan-prevention-of-future-deaths-report/
09/03/2023Ref,,,,,,,,,,https://www.judiciary.uk/prevention-of-future-death-reports/tomas-ceida-prevention-of-future-deaths-report/
08/02/2023Ref,,,,,,,,,,https://www.judiciary.uk/prevention-of-future-death-reports/maxine-davison-lee-martyn-sophie-martyn-stephen-washington-and-kate-shepherd-prevention-of-future-deaths-report/
30/08/2022Ref,,,,,,,,,,https://www.judiciary.uk/prevention-of-future-death-reports/glenn-barton-prevention-of-future-deaths-report/
06/03/2023Ref,,,,,,,,,,https://www.judiciary.uk/prevention-of-future-death-reports/maureen-dick-prevention-of-future-deaths-report/
06/03/2023Ref,,,,,,,,,,https://www.judiciary.uk/prevention-of-future-death-reports/evelina-vilkiene-prevention-of-future-deaths-report/
02/03/2023Ref,,,,,,,,,,https://www.judiciary.uk/prevention-of-future-death-reports/kathleen-fancourt-prevention-of-future-deaths-report/
01/03/2023Ref,,,,,,,,,,https://www.judiciary.uk/prevention-of-future-death-reports/annabel-findlay-prevention-of-future-deaths-report/
27/02/2023Ref,,,,,,,,,,https://www.judiciary.uk/prevention-of-future-death-reports/sophie-williams-prevention-of-future-deaths-report/
19/02/2023Ref,,,,,,,,,,https://www.judiciary.uk/prevention-of-future-death-reports/molly-ann-sergeant-prevention-of-future-deaths-report/
27/02/2023Ref,,,,,,,,,,https://www.judiciary.uk/prevention-of-future-death-reports/kyron-hibbert-prevention-of-future-deaths-report/
27/02/2023Ref,,,,,,,,,,https://www.judiciary.uk/prevention-of-future-death-reports/peter-seaby-prevention-of-future-deaths-report/
27/02/2023Ref,,,,,,,,,,https://www.judiciary.uk/prevention-of-future-death-reports/sharon-langley-prevention-of-future-deaths-report/
27/02/2023Ref,,,,,,,,,,https://www.judiciary.uk/prevention-of-future-death-reports/doris-smith-prevention-of-future-deaths-report/
28/02/2023Ref,,,,,,,,,,https://www.judiciary.uk/prevention-of-future-death-reports/stephen-chapple-and-jennifer-chapple-prevention-of-future-deaths-report/
24/02/2023Ref,,,,,,,,,,https://www.judiciary.uk/prevention-of-future-death-reports/sharon-harman-prevention-of-future-deaths-report/
23/02/2023Ref,,,,,,,,,,https://www.judiciary.uk/prevention-of-future-death-reports/anthony-ingram-prevention-of-future-deaths-report/
22/02/2023Ref,,,,,,,,,,https://www.judiciary.uk/prevention-of-future-death-reports/jacqueline-campbell-prevention-of-future-deaths-report/
22/02/2023Ref,,,,,,,,,,https://www.judiciary.uk/prevention-of-future-death-reports/james-parsons-prevention-of-future-deaths-report/
19/02/2023Ref,,,,,,,,,,https://www.judiciary.uk/prevention-of-future-death-reports/stefan-kluibenschadl-prevention-of-future-deaths-report/
17/02/2023Ref,,,,,,,,,,https://www.judiciary.uk/prevention-of-future-death-reports/rachelle-ross-prevention-of-future-deaths-report/
21/02/2023Ref,,,,,,,,,,https://www.judiciary.uk/prevention-of-future-death-reports/andrew-still-prevention-of-future-deaths-report/
20/02/2023Ref,,,,,,,,,,https://www.judiciary.uk/prevention-of-future-death-reports/david-strachan-prevention-of-future-deaths-report/
17/02/2023Ref,,,,,,,,,,https://www.judiciary.uk/prevention-of-future-death-reports/twn-bryn-prevention-of-future-deaths-report/
27/01/2023Ref,,,,,,,,,,https://www.judiciary.uk/prevention-of-future-death-reports/andrew-shirley-prevention-of-future-deaths-report/
19/01/2023Ref,,,,,,,,,,https://www.judiciary.uk/prevention-of-future-death-reports/lance-scott-prevention-of-future-deaths-report/
17/02/2023Ref,,,,,,,,,,https://www.judiciary.uk/prevention-of-future-death-reports/jamie-woods-prevention-of-future-deaths-report/
14/02/2023Ref,,,,,,,,,,https://www.judiciary.uk/prevention-of-future-death-reports/stephen-preston-prevention-of-future-deaths-report/
15/02/2023Ref,,,,,,,,,,https://www.judiciary.uk/prevention-of-future-death-reports/raniya-khan-prevention-of-future-deaths-report/
14/02/2023Ref,,,,,,,,,,https://www.judiciary.uk/prevention-of-future-death-reports/john-abrahams-prevention-of-future-deaths-report/
13/02/2023Ref,,,,,,,,,,https://www.judiciary.uk/prevention-of-future-death-reports/michael-poulton-prevention-of-future-deaths-report/
13/02/2023Ref,,,,,,,,,,https://www.judiciary.uk/prevention-of-future-death-reports/michael-roberts-prevention-of-future-deaths-report/
13/02/2023Ref,,,,,,,,,,https://www.judiciary.uk/prevention-of-future-death-reports/hannah-warren-prevention-of-future-deaths-report/
13/02/2023Ref,,,,,,,,,,https://www.judiciary.uk/prevention-of-future-death-reports/steven-easdale-prevention-of-future-deaths-report/
22/07/2022Ref,,,,,,,,,,https://www.judiciary.uk/prevention-of-future-death-reports/christopher-ryan-prevention-of-future-deaths-report/
10/02/2023Ref,,,,,,,,,,https://www.judiciary.uk/prevention-of-future-death-reports/celia-sanderson-prevention-of-future-deaths-report/
10/02/2023Ref,,,,,,,,,,https://www.judiciary.uk/prevention-of-future-death-reports/sandra-lomax-prevention-of-future-deaths-report/
09/02/2023Ref,,,,,,,,,,https://www.judiciary.uk/prevention-of-future-death-reports/george-kearsey-prevention-of-future-deaths-report/
07/02/2023Ref,,,,,,,,,,https://www.judiciary.uk/prevention-of-future-death-reports/richard-kew-prevention-of-future-deaths-report/
19/01/2023Ref,,,,,,,,,,https://www.judiciary.uk/prevention-of-future-death-reports/michael-allen-prevention-of-future-deaths-report/
08/02/2023Ref,,,,,,,,,,https://www.judiciary.uk/prevention-of-future-death-reports/stephen-wood-prevention-of-future-deaths-report/
07/02/2023Ref,,,,,,,,,,https://www.judiciary.uk/prevention-of-future-death-reports/ania-sohail-prevention-of-future-deaths-report/
02/02/2023Ref,,,,,,,,,,https://www.judiciary.uk/prevention-of-future-death-reports/mary-white-prevention-of-future-deaths-report/
04/02/2023Ref,,,,,,,,,,https://www.judiciary.uk/prevention-of-future-death-reports/patricia-green-prevention-of-future-deaths-report/
04/02/2023Ref,,,,,,,,,,https://www.judiciary.uk/prevention-of-future-death-reports/kirsty-mckie-prevention-of-future-deaths-report/
04/02/2023Ref,,,,,,,,,,https://www.judiciary.uk/prevention-of-future-death-reports/benjamin-stanley-prevention-of-future-deaths-report/
26/02/2023Ref,,,,,,,,,,https://www.judiciary.uk/prevention-of-future-death-reports/katie-wilkins-prevention-of-future-deaths-report/
02/02/2023Ref,,,,,,,,,,https://www.judiciary.uk/prevention-of-future-death-reports/daniel-futers-prevention-of-future-deaths-report/
02/02/2023Ref,,,,,,,,,,https://www.judiciary.uk/prevention-of-future-death-reports/jason-williams-prevention-of-future-deaths-report/
01/02/2023Ref,,,,,,,,,,https://www.judiciary.uk/prevention-of-future-death-reports/hugo-carlos-prevention-of-future-deaths-report/
31/01/2023Ref,,,,,,,,,,https://www.judiciary.uk/prevention-of-future-death-reports/donald-brown-prevention-of-future-deaths-report/
27/01/2023Ref,,,,,,,,,,https://www.judiciary.uk/prevention-of-future-death-reports/jayden-booroff-prevention-of-future-deaths-report/
31/01/2023Ref,,,,,,,,,,https://www.judiciary.uk/prevention-of-future-death-reports/nathan-forrester-prevention-of-future-deaths-report/
31/01/2023Ref,,,,,,,,,,https://www.judiciary.uk/prevention-of-future-death-reports/samantha-boazman-prevention-of-future-deaths-report/
31/01/2023Ref,,,,,,,,,,https://www.judiciary.uk/prevention-of-future-death-reports/david-nash-prevention-of-future-deaths-report/
30/01/2023Ref,,,,,,,,,,https://www.judiciary.uk/prevention-of-future-death-reports/felice-banfield-prevention-of-future-deaths-report/
07/12/2022Ref,,,,,,,,,,https://www.judiciary.uk/prevention-of-future-death-reports/joan-ferguson-prevention-of-future-deaths-report/
27/01/2023Ref,,,,,,,,,,https://www.judiciary.uk/prevention-of-future-death-reports/toby-barwick-prevention-of-future-deaths-report/
26/01/2023Ref,,,,,,,,,,https://www.judiciary.uk/prevention-of-future-death-reports/zachary-klement-prevention-of-future-deaths-report/
26/01/2023Ref,,,,,,,,,,https://www.judiciary.uk/prevention-of-future-death-reports/matthew-dale-prevention-of-future-deaths-report/
25/01/2023Ref,,,,,,,,,,https://www.judiciary.uk/prevention-of-future-death-reports/andrew-largin-prevention-of-future-deaths-report/
25/01/2023Ref,,,,,,,,,,https://www.judiciary.uk/prevention-of-future-death-reports/rita-taylor-prevention-of-future-deaths-report/
17/01/2023Ref,,,,,,,,,,https://www.judiciary.uk/prevention-of-future-death-reports/john-henderson-prevention-of-future-deaths-report/
11/01/2023Ref,,,,,,,,,,https://www.judiciary.uk/prevention-of-future-death-reports/ashley-bullard-prevention-of-future-deaths-report/
20/01/2023Ref,,,,,,,,,,https://www.judiciary.uk/prevention-of-future-death-reports/michael-holmes-prevention-of-future-deaths-report/
20/01/2023Ref,,,,,,,,,,https://www.judiciary.uk/prevention-of-future-death-reports/sophia-ayuk-prevention-of-future-deaths-report/
19/01/2023Ref,,,,,,,,,,https://www.judiciary.uk/prevention-of-future-death-reports/nicholas-dumphreys-prevention-of-future-deaths-report/
20/01/2023Ref,,,,,,,,,,https://www.judiciary.uk/prevention-of-future-death-reports/dorothy-jones-prevention-of-future-deaths-report/
19/01/2023Ref,,,,,,,,,,https://www.judiciary.uk/prevention-of-future-death-reports/joseph-price-prevention-of-future-deaths-report/
18/01/2023Ref,,,,,,,,,,https://www.judiciary.uk/prevention-of-future-death-reports/lyn-brind-prevention-of-future-deaths-report/
19/01/2023Ref,,,,,,,,,,https://www.judiciary.uk/prevention-of-future-death-reports/derek-larkin-prevention-of-future-deaths-report/
16/01/2023Ref,,,,,,,,,,https://www.judiciary.uk/prevention-of-future-death-reports/sean-duignan-prevention-of-future-deaths-report/
12/01/2023Ref,,,,,,,,,,https://www.judiciary.uk/prevention-of-future-death-reports/gary-cooper-prevention-of-future-deaths-report/
17/01/2023Ref,,,,,,,,,,https://www.judiciary.uk/prevention-of-future-death-reports/teegan-barnard-prevention-of-future-deaths-report/
11/01/2023Ref,,,,,,,,,,https://www.judiciary.uk/prevention-of-future-death-reports/leroy-hamilton-prevention-of-future-deaths-report/
11/01/2023Ref,,,,,,,,,,https://www.judiciary.uk/prevention-of-future-death-reports/lucy-jones-prevention-of-future-deaths-report/
02/09/2022Ref,,,,,,,,,,https://www.judiciary.uk/prevention-of-future-death-reports/jennifer-wong-prevention-of-future-deaths-report/
06/03/2020,,2020-0061,,,Richard Brittain,Inner North LondonCategory,,,,https://www.judiciary.uk/prevention-of-future-death-reports/inner-north-london-coroner-area-prevention-of-future-deaths-report/
04/01/2023Ref,,,,,,,,,,https://www.judiciary.uk/prevention-of-future-death-reports/sylvia-price-prevention-of-future-deaths-report/
31/12/2022Ref,,,,,,"Hampshire, Portsmouth and SouthamptonCategory",,,,https://www.judiciary.uk/prevention-of-future-death-reports/anthony-blower-prevention-of-future-deaths-report/
06/01/2023Ref,,,,,,,,,,https://www.judiciary.uk/prevention-of-future-death-reports/kyriacos-athanasis-prevention-of-future-deaths-report/
05/01/2023Ref,,,,,,,,,,https://www.judiciary.uk/prevention-of-future-death-reports/floyd-carruthers-prevention-of-future-deaths-report/
30/12/2022Ref,,,,,,,,,,https://www.judiciary.uk/prevention-of-future-death-reports/gavin-pedleham-prevention-of-future-deaths-report/
30/12/2022Ref,,,,,,,Accident at Work and Health and Safety related deathsThis report is being sent to,,,https://www.judiciary.uk/prevention-of-future-death-reports/malcolm-basten-prevention-of-future-deaths-report/
30/12/2022Ref,,,,,,,,,,https://www.judiciary.uk/prevention-of-future-death-reports/jordan-pry-prevention-of-future-deaths-report/
03/01/2023Ref,,,,,,,,,,https://www.judiciary.uk/prevention-of-future-death-reports/beryl-ellison-prevention-of-future-deaths-report/
24/10/2022Ref,,,,,,,,,,https://www.judiciary.uk/prevention-of-future-death-reports/terri-malone-prevention-of-future-deaths-report/
25/05/2022Ref,,,,,,,,,,https://www.judiciary.uk/prevention-of-future-death-reports/ryan-taylor-prevention-of-future-deaths-report/
10/11/2022Ref,,,,,,,,,,https://www.judiciary.uk/prevention-of-future-death-reports/michael-smith-prevention-of-future-deaths-report/
28/05/2022Ref,,,,,,,,,,https://www.judiciary.uk/prevention-of-future-death-reports/hayley-smith-prevention-of-future-deaths-report/
13/12/2022Ref,,,,,,,,,,https://www.judiciary.uk/prevention-of-future-death-reports/akeem-rhoden-prevention-of-future-deaths-report/
22/12/2022Ref,,,,,,,,,,https://www.judiciary.uk/prevention-of-future-death-reports/glenys-phipps-prevention-of-future-deaths-report/
21/12/2022Ref,,,,,,,,,,https://www.judiciary.uk/prevention-of-future-death-reports/angeline-phillips-prevention-of-future-deaths-report/
22/12/2022Ref,,,,,,,,,,https://www.judiciary.uk/prevention-of-future-death-reports/allah-ismail-prevention-of-future-deaths-report/
26/11/2022Ref,,,,,,,,,,https://www.judiciary.uk/prevention-of-future-death-reports/john-lawler-prevention-of-future-deaths-report/
21/12/2022,,2022-0409,Donald Hooker,,Lorraine Harris,East Riding and Hull,Road (Highways Safety) related deaths,Department for Transport and Transport Research Laboratory,,https://www.judiciary.uk/prevention-of-future-death-reports/donald-hooker-prevention-of-future-deaths-report/
19/12/2022Ref,,,,,,,,,,https://www.judiciary.uk/prevention-of-future-death-reports/mollie-stansfield-prevention-of-future-deaths-report/
20/12/2022Ref,,,,,,,,,,https://www.judiciary.uk/prevention-of-future-death-reports/alexander-braund-prevention-of-future-deaths-report/
20/12/2022,,2022-0406,Carl Ellson,,Louise Hunt,Birmingham and SolihullCategory,,,,https://www.judiciary.uk/prevention-of-future-death-reports/carl-ellson-prevention-of-future-deaths-report/
16/12/2022,,2022-0405,Jack Knapman,,Philip Barlow,NorthamptonshireCategory,,,,https://www.judiciary.uk/prevention-of-future-death-reports/jack-knapman-prevention-of-future-deaths-report/
13/12/2022,,2022-0404,Yvonne Rankin,,Rachel Knight,South Wales CentralCategory,,,,https://www.judiciary.uk/prevention-of-future-death-reports/yvonne-rankin-prevention-of-future-deaths-report/
16/12/2022,,2022-0403,Zef Eisenberg,,Jon Heath,North Yorkshire and City of YorkCategory,,,,https://www.judiciary.uk/prevention-of-future-death-reports/zef-eisenberg-prevention-of-future-deaths-report/
11/12/2022,,2022-0402,Hadley Savory,,Ian Brownhill,North East KentCategory,,,,https://www.judiciary.uk/prevention-of-future-death-reports/hadley-savory-prevention-of-future-deaths-report-2/
15/12/2022,,2022-0401,Neal Saunders,,Heidi Connor,BerkshireCategory,,,,https://www.judiciary.uk/prevention-of-future-death-reports/neal-saunders-prevention-of-future-deaths-report/
14/12/2022,,2022-0400,Fatima Abukar,,Graeme IrvineCoroner Area,,,,,https://www.judiciary.uk/prevention-of-future-death-reports/fatima-abukar-prevention-of-future-deaths-report/
07/12/2022,,2022-0399,Josie Archer-Smith,,James Dillon,Mid Kent and MedwayCategory,,,,https://www.judiciary.uk/prevention-of-future-death-reports/josie-archer-smith-prevention-of-future-deaths-report/
28/10/2022,,2022-0398,Jade Hutchings,,Penelope Schofield,West SussexCategory,,Sussex Police and Police and Crime Commissioner,,https://www.judiciary.uk/prevention-of-future-death-reports/jade-hutchings-prevention-of-future-deaths-report/
12/12/2022,,2022-0397,Lewis Johnson,,Kevin McLoughlin,West Yorkshire (Eastern)Category,,,,https://www.judiciary.uk/prevention-of-future-death-reports/lewis-johnson-prevention-of-future-deaths-report/
08/12/2022,,2022-0396,Mervyn Holbrook,,Adam Hodson,Birmingham and SolihullCategory,,,,https://www.judiciary.uk/prevention-of-future-death-reports/mervyn-holbrook-prevention-of-future-deaths-report/
08/12/2022,,2022-0395,Tracy Brown,,Robert Simpson,"Hampshire, Portsmouth and SouthamptonCategory",,,,https://www.judiciary.uk/prevention-of-future-death-reports/tracy-brown-prevention-of-future-deaths-report/
08/12/2022,,2022-0394,Leanne Dunn,,Jeremy Chipperfield,County Durham and DarlingtonCategory,,,,https://www.judiciary.uk/prevention-of-future-death-reports/leanne-dunn-prevention-of-future-deaths-report/
06/12/2022,,2022-0393,Daniel Tilley,,Andrew Cox,Cornwall and the Isles of ScillyCategory,,,,https://www.judiciary.uk/prevention-of-future-death-reports/daniel-tilley-prevention-of-future-deaths-report/
05/12/2022,,2022-0392,Richard Shannon,,Mary Hassell,Inner North LondonCategory,,,,https://www.judiciary.uk/prevention-of-future-death-reports/richard-shannon-prevention-of-future-deaths-report/
05/12/2022,,2022-0391,Tina Allen,,Guy Davies,Cornwall and the Isles of ScillyCategory,,,,https://www.judiciary.uk/prevention-of-future-death-reports/tina-allen-prevention-of-future-deaths-report/
02/12/2022,,2022-0390,Melsadie Parris,,Ian Wade,BuckinghamshireCategory,,,,https://www.judiciary.uk/prevention-of-future-death-reports/melsadie-parris-prevention-of-future-deaths-report/
01/12/2022,,2022-0389,Mary Nwanonyiri,,Nadia Persaud,East LondonCategory,,,,https://www.judiciary.uk/prevention-of-future-death-reports/mary-nwanonyiri-prevention-of-future-deaths-report/
29/11/2022,,2022-0388,Daniel-John Varndell,,Rosamund Rhodes-Kemp,"Hampshire, Portsmouth and SouthamptonCategory",,,,https://www.judiciary.uk/prevention-of-future-death-reports/daniel-john-varndell-prevention-of-future-deaths-report/
29/11/2022,,2022-0387,Arthur Trott,,Karen Henderson,West SussexCategory,,,,https://www.judiciary.uk/prevention-of-future-death-reports/arthur-trott-prevention-of-future-deaths-report/
16/05/2022,,2022-0386,Sarah Clarke,,Karen Henderson,SurreyCategory,,,,https://www.judiciary.uk/prevention-of-future-death-reports/sarah-clarke-prevention-of-future-deaths-report/
25/11/2022,,2022-0385,Ann Daghlian,,Elizabeth Dudley-Jones,North Wales East and CentralCategory,,,,https://www.judiciary.uk/prevention-of-future-death-reports/ann-daghlain-prevention-of-future-deaths-report/
28/11/2022,,2022-0384,Janice Hopper,,Jacqueline Lake,NorfolkCategory,,,,https://www.judiciary.uk/prevention-of-future-death-reports/janice-hopper-prevention-of-future-deaths-report/
28/11/2022,,2022-0383,Miriam Boulia,,Adam Smith,Inner North LondonCategory,,,,https://www.judiciary.uk/prevention-of-future-death-reports/miriam-boulia-prevention-of-future-deaths-report/
28/11/2022,,2022-0382,Susan Perry,,Graeme Hughes,South Wales CentralCategory,,,,https://www.judiciary.uk/prevention-of-future-death-reports/susan-perry-prevention-of-future-deaths-report/
25/11/2022,,2022-0381,Philip Battle,,Andre Rebello,Liverpool and WirralCategory,,,,https://www.judiciary.uk/prevention-of-future-death-reports/philip-battle-prevention-of-future-deaths-report/
26/09/2022,,2022-0380,Lewis Begley,,Jacqueline Lake,NorfolkCategory,,,,https://www.judiciary.uk/prevention-of-future-death-reports/lewis-begley-prevention-of-future-deaths-report/
21/11/2022,,2022-0379,Celia Marsh,,Maria Voisin,AvonCategory,,,,https://www.judiciary.uk/prevention-of-future-death-reports/celia-marsh-prevention-of-future-deaths-report/
25/11/2022,,2022-0378,Bonnie Webster,,Jacqueline Lake,NorfolkCategory,,,,https://www.judiciary.uk/prevention-of-future-death-reports/bonnie-webster-prevention-of-future-deaths-report/
25/11/2022,,2022-0377,Joan Robinson,,Chris Morris,Manchester SouthCategory,,,,https://www.judiciary.uk/prevention-of-future-death-reports/joan-robinson-prevention-of-future-deaths-report/
24/11/2022,,2022-0376,Keith Weston,,Catherine Cundy,North Yorkshire and YorkCategory,,,,https://www.judiciary.uk/prevention-of-future-death-reports/keith-weston-prevention-of-future-deaths-report/
22/11/2022,,2022-0375,Anthony Reedman,,Guy Davies,Cornwall and Isles of ScillyCategory,,,,https://www.judiciary.uk/prevention-of-future-death-reports/anthony-reedman-prevention-of-future-deaths-report/
22/11/2022,,2022-0374,Margaret Russell,,Abigail Combes,South Yorkshire WestCategory,,,,https://www.judiciary.uk/prevention-of-future-death-reports/margaret-russell-prevention-of-future-deaths-report/
22/11/2022,,2022-0373,Joan Rossington,,Abigail Combes,South Yorkshire WestCategory,,,,https://www.judiciary.uk/prevention-of-future-death-reports/joan-rossington-prevention-of-future-deaths-report/
21/11/2022,,2022-0372,Daniel Lee,,Steve Eccleston,South Yorkshire WestCategory,,,,https://www.judiciary.uk/prevention-of-future-death-reports/daniel-lee-prevention-of-future-deaths-report/
21/11/2022,,2022-0371,Andrew Brown,,Anton Van Dellen,West LondonCategory,,,,https://www.judiciary.uk/prevention-of-future-death-reports/andrew-brown-prevention-of-future-deaths-report/
11/11/2022,,2022-0370,Derek Shaw,,Catherine Wood,Mid Kent and MedwayCategory,,,,https://www.judiciary.uk/prevention-of-future-death-reports/derek-shaw-prevention-of-future-deaths-report/
17/11/2022,,2022-0369,Roy Middleton,,Tanyka Rawden,South Yorkshire WestCategory,,,,https://www.judiciary.uk/prevention-of-future-death-reports/roy-middleton-prevention-of-future-deaths-report/
14/11/2022,,2022-0368,Karen Starling and Anne Martinez,,Keith Morton,Cambridgeshire and PeterboroughCategory,,,,https://www.judiciary.uk/prevention-of-future-death-reports/karen-starling-and-anne-martinez-prevention-of-future-deaths-report/
16/11/2022,,2022-0367,Susan Skillen,,Anita Bhardwaj,Liverpool and WirralCategory,,,,https://www.judiciary.uk/prevention-of-future-death-reports/susan-skillen-prevention-of-future-deaths-report/
15/11/2022,,2022-0366,Sally-Ann Few,,Catherine Wood,Mid Kent and MedwayCategory,,,,https://www.judiciary.uk/prevention-of-future-death-reports/sally-ann-few-prevention-of-future-deaths-report/
16/11/2022,,2022-0365,Awaab Ishak,,Joanne Kearsley,Manchester NorthCategory,,,,https://www.judiciary.uk/prevention-of-future-death-reports/awaab-ishak-prevention-of-future-deaths-report/
15/11/2022,,2022-0364,Robert Kelly,,Tom Osborne,Milton KeynesCategory,,,,https://www.judiciary.uk/prevention-of-future-death-reports/ronald-kelly-prevention-of-future-deaths-report/
15/11/2022,,2022-0363,Frederick King,,Jenny Goldring,BerkshireCategory,,,,https://www.judiciary.uk/prevention-of-future-death-reports/frederick-king-prevention-of-future-deaths-report/
09/11/2022,,2022-0362,Maria Whale,,Sarah-Jane Richards Coroner Area,,,,,https://www.judiciary.uk/prevention-of-future-death-reports/maria-whale-prevention-of-future-deaths-report/
14/11/2022,,2022-0361,Ghulam Mohammad,,Graeme Irvine,East LondonCategory,,,,https://www.judiciary.uk/prevention-of-future-death-reports/ghulam-mohammad-prevention-of-future-deaths-report/
13/11/2022,,2022-0360,Lee Brown,,Nadia Persaud,East LondonCategory,,,,https://www.judiciary.uk/prevention-of-future-death-reports/lee-brown-prevention-of-future-deaths-report/
10/11/2022,,2022-0359,"David Morganti, Winnie Barnes, Robert Conybeare and Anthony Reedman",,Andrew Cox,Cornwall and the Isles of ScillyCategory,,,,https://www.judiciary.uk/prevention-of-future-death-reports/david-morganti-winnie-barnes-robert-conybeare-and-anthony-reedman-prevention-of-future-deaths-report/
10/11/2022,,2022-0358,Samuel Pearson,,Jonathan Landau,South LondonCategory,,,,https://www.judiciary.uk/prevention-of-future-death-reports/samuel-pearson-prevention-of-future-deaths-report/
08/11/2022,,2022-0357,Roy Travers,,Mary Hassell,Inner North LondonCategory,,,,https://www.judiciary.uk/prevention-of-future-death-reports/roy-travers-prevention-of-future-deaths-report/
03/11 /2022,,2022-0356,Ami Mitchell,,Simon Fox,AvonCategory,,,,https://www.judiciary.uk/prevention-of-future-death-reports/ami-mitchell-prevention-of-future-deaths-report/
08/11/2022,,2022-0355,Liridon Saliuka,,Philip Barlow,Inner South LondonCategory,,,,https://www.judiciary.uk/prevention-of-future-death-reports/liridon-saliuka-prevention-of-future-deaths-report/
04/11/2022,,2022-0354,Peter Ross,,Graeme Irvine,East LondonCategory,,,,https://www.judiciary.uk/prevention-of-future-death-reports/peter-ross-prevention-of-future-deaths-report/
04/11/2022,,2022-0353,Harry Evans,,Guy Davies,Cornwall and the Isles of ScillyCategory,,,,https://www.judiciary.uk/prevention-of-future-death-reports/harry-evans-prevention-of-future-deaths-report/
03/11/2022,,2022-0352,Raneem Oudeh and Khaola Saleem,,Louise Hunt,Birmingham and SolihullCategory,,,,https://www.judiciary.uk/prevention-of-future-death-reports/raneem-oudeh-and-khaola-saleem-prevention-of-future-deaths-report/
04/11/2022,,2022-0351,Philip Day,,Alison Mutch,Manchester SouthCategory,,,,https://www.judiciary.uk/prevention-of-future-death-reports/philip-day-prevention-of-future-deaths-report/
04/11/2022,,2022-0350,Ellen MacFarlane,,Alison Mutch,Manchester SouthCategory,,,,https://www.judiciary.uk/prevention-of-future-death-reports/ellen-macfarlane-prevention-of-future-deaths-report/
04/11/2022,,2022-0349,Graham Flindle,,Alison Mutch,Manchester SouthCategory,,,,https://www.judiciary.uk/prevention-of-future-death-reports/graham-flindle-prevention-of-future-deaths-report/
04/11/2022,,2022-0348,John Fallon,,Alison Mutch,Manchester SouthCategory,,,,https://www.judiciary.uk/prevention-of-future-death-reports/john-fallon-prevention-of-future-deaths-report/
04/11/2022,,2022-0347,Lynn Moss,,Chris Morris,Manchester SouthCategory,,,,https://www.judiciary.uk/prevention-of-future-death-reports/lynn-moss-prevention-of-future-deaths-report/
04/11/2022,,2022-0346,Levi Alleyne,,Katy Thorne,BerkshireCategory,,,,https://www.judiciary.uk/prevention-of-future-death-reports/levi-alleyne-prevention-of-future-deaths-report/
25/08/2022,,2022-0345,Charles Evans,,Joanne Lees,Black CountryCategory,,,,https://www.judiciary.uk/prevention-of-future-death-reports/charles-evans-prevention-of-future-deaths-report/
27/06/2022,,2022-0344,Jessica Laverack,,Lorraine Harris,East Riding and HullCategory,,,,https://www.judiciary.uk/prevention-of-future-death-reports/jessica-laverack-prevention-of-future-deaths-report/
10/08/2022Ref,,,Allan Waddup,,Andrew Hetherington,North Northumberland and South NorthumberlandCategory,,,,https://www.judiciary.uk/prevention-of-future-death-reports/allan-waddup-prevention-of-future-deaths-report/
27/10/2022,,2022-0342,Sylvia Gibson,,Jeremy Chipperfield,County Durham and DarlingtonCategory,,,,https://www.judiciary.uk/prevention-of-future-death-reports/sylvia-gibson-prevention-of-future-deaths-report/
13/09/2022,,2022-0341,Peter Pearson,,James Puzey,WorcestershireCategory,,,,https://www.judiciary.uk/prevention-of-future-death-reports/peter-pearson-prevention-of-future-deaths-report/
26/10/2022,,2022-0340,Hazel Mayho,,Jason Pegg,"Hampshire, Portsmouth and SouthamptonCategory",,,,https://www.judiciary.uk/prevention-of-future-death-reports/hazel-mayho-prevention-of-future-deaths-report/
/2022,,2022-0339,Vincenzo Lippolis,,Paul Cooper,LincolnshireCategory,,,,https://www.judiciary.uk/prevention-of-future-death-reports/vincenzo-lippolis-prevention-of-future-deaths-report/
22/10/2022,,2022-0338,Keith Dimond,,Sonia Hayes,North East KentCategory,,,,https://www.judiciary.uk/prevention-of-future-death-reports/keith-dimond-prevention-of-future-deaths-report/
25/10/2022,,2022-0337,John White,,Graeme Hughes,South Wales CentralCategory,,,,https://www.judiciary.uk/prevention-of-future-death-reports/john-white-prevention-of-future-deaths-report/
22/10/2022,,2022-0336,Ruwaida Adan,,Leanne Woods,East LondonCategory,,,,https://www.judiciary.uk/prevention-of-future-death-reports/ruwaida-adan-prevention-of-future-deaths-report/
24/10/2022,,2022-0335,Matthew Rouch,,Rachel Knight,South Wales CentralCategory,,,,https://www.judiciary.uk/prevention-of-future-death-reports/matthew-rouch-prevention-of-future-deaths-report/
24/10/2022,,2022-0333,Glendys Roberts,,Kate Sutherland,North West WalesCategory,,,,https://www.judiciary.uk/prevention-of-future-death-reports/glenys-roberts-prevention-of-future-deaths-report/
24/10/2022,,2022-0332,Bradleigh Barnes,,Rachael Griffin,DorsetCategory,,,,https://www.judiciary.uk/prevention-of-future-death-reports/bradleigh-barnes-prevention-of-future-deaths-report/
21/10/2022,,2022-0331,Carl Langdell,,Kevin McLoughlin,West Yorkshire WesternCategory,,,,https://www.judiciary.uk/prevention-of-future-death-reports/carl-langdell-prevention-of-future-deaths-report/
21/10/2022,,2022-0330,Daniel OSullivan,,Christopher Williams,Inner South LondonCategory,,,,https://www.judiciary.uk/prevention-of-future-death-reports/daniel-osullivan-prevention-of-future-deaths-report/
20/10/2022,,2022-0329,Clifford Rose,,Tom Osborne,Milton KeynesCategory,,,,https://www.judiciary.uk/prevention-of-future-death-reports/clifford-rose-prevention-of-future-deaths-report/
19/10/2022,,2022-0328,Charley Patterson,,Andrew Hetherington,North and South NorthumberlandCategory,,,,https://www.judiciary.uk/prevention-of-future-death-reports/charley-patterson-prevention-of-future-deaths-report/
18/10/2022,,2022-0327,Max Turbutt,,ME Hessel,Inner North LondonCategory,,,,https://www.judiciary.uk/prevention-of-future-death-reports/max-turbutt-prevention-of-future-deaths-report/
04/10/2022,,2022-0326,Reginald CautheryCoroner name,,,Inner North LondonCategory,,,,https://www.judiciary.uk/prevention-of-future-death-reports/reginald-cauthery-prevention-of-future-deaths-report/
18/10/2022,,2022-0325,Kenneth Perkins,,Sabyta Kaushal,Derby and DerbyshireCategory,,,,https://www.judiciary.uk/prevention-of-future-death-reports/kenneth-perkins-prevention-of-future-deaths-report/
17/10/2022,,2022-0324,Carl Wright,,Gordon Clow,Nottinghamshire and NottinghamCategory,,,,https://www.judiciary.uk/prevention-of-future-death-reports/carl-wright-prevention-of-future-deaths-report/
17/10/2022,,2022-0323,Seth Thind,,Christopher Wilkinson,"Hampshire, Portsmouth and SouthamptonCategory",,,,https://www.judiciary.uk/prevention-of-future-death-reports/seth-thind-prevention-of-future-deaths-report/
18/10/2022,,2022-0322,Robert Evans,,Kirsten Heaven,Swansea and Neath Port TalbotCategory,,,,https://www.judiciary.uk/prevention-of-future-death-reports/robert-evans-prevention-of-future-deaths-report/
13/10/2022,,2022-0321,Rebecca Hayward,,Gordon Clow,Nottinghamshire and NottinghamCategory,,,,https://www.judiciary.uk/prevention-of-future-death-reports/rebecca-hayward-prevention-of-future-deaths-report/
17/20/2022,,2022-0320,Adam Simms,,Paul Smith,North Lincolnshire and GrimsbyCategory,,,,https://www.judiciary.uk/prevention-of-future-death-reports/adam-simms-prevention-of-future-deaths-report/
14/10/2022,,2022-0319,Neha Raju,,Anna Loxton,SurreyCategory,,,,https://www.judiciary.uk/prevention-of-future-death-reports/neha-raju-prevention-of-future-deaths-report/
14/10/2022,,2022-0318,Kenneth Goodwin,,Lauren Costello,Manchester SouthCategory,,,,https://www.judiciary.uk/prevention-of-future-death-reports/kenneth-goodwin-prevention-of-future-deaths-report/
10/10/2022,,2022-0317,Charles Stringer,,Karen Henderson,SurreyCategory,,,,https://www.judiciary.uk/prevention-of-future-death-reports/charles-stringer-prevention-of-future-deaths-report/
13/10/2022,,2022-0316,Oli Hoque,,Nadia Persaud,East LondonCategory,,,,https://www.judiciary.uk/prevention-of-future-death-reports/oli-hoque-prevention-of-future-deaths-report/
13/10/2022,,2022-0315,Molly Russell,,Andrew Walker,North LondonCategory,,,,https://www.judiciary.uk/prevention-of-future-death-reports/molly-russell-prevention-of-future-deaths-report/
11/10/2022,,2022-0314,Eirwen Hollister,,Emma Serrano,Stoke-on-Trent and North StaffordshireCategory,,,,https://www.judiciary.uk/prevention-of-future-death-reports/eirwen-hollister-prevention-of-future-deaths-report/
12/10/2022,,2022-0313,Emma Simkin,,Paul Cooper,LincolnshireCategory,,,,https://www.judiciary.uk/prevention-of-future-death-reports/emma-simkin-prevention-of-future-deaths-report/
03/02/2020,,2020-0117,Harry Richford,,Christopher Sutton-Mattocks,North East KentCategory,,,,https://www.judiciary.uk/prevention-of-future-death-reports/harry-richford-prevention-of-future-deaths-report/
05/10/2022,,2022-0312,Charles Rothwell,,Claire Welch,CheshireCategory,,,,https://www.judiciary.uk/prevention-of-future-death-reports/charles-rothwell-prevention-of-future-deaths-report/
06/10/2022,,2022-0311,Hollie Richardson,,Sean Cummings Coroner Area,,,,,https://www.judiciary.uk/prevention-of-future-death-reports/hollie-richardson-prevention-of-future-deaths-report/
03/08/2022,,2022-0310,Rita Flynn,,Zafar Siddique,Black CountryCategory,,,,https://www.judiciary.uk/prevention-of-future-death-reports/rita-flynn-prevention-of-future-deaths-report/
04/10/2022,,2022-0309,George Elliott,,Robert Sowersby,AvonCategory,,,,https://www.judiciary.uk/prevention-of-future-death-reports/george-elliott-prevention-of-future-deaths-report/
20/07/2022,,2022-0308,Colleen Fletcher,,Fiona Butler,Rutland and North LeicestershireCategory,,,,https://www.judiciary.uk/prevention-of-future-death-reports/colleen-fletcher-prevention-of-future-deaths-report/
30/09/2022,,2022-0307,Katherine Tyrer,,David Lewis,Liverpool and WirralCategory,,,,https://www.judiciary.uk/prevention-of-future-death-reports/katherine-tyrer-prevention-of-future-deaths-report/
30/09/2022,,2022-0306,Shahan Aman,,Graeme Irvine,East LondonCategory,,,,https://www.judiciary.uk/prevention-of-future-death-reports/shahan-aman-prevention-of-future-deaths-report/
10/05/2017,,2022-0305,Cedric Skyers,,Andrew Harris,Inner South LondonCategory,,,,https://www.judiciary.uk/prevention-of-future-death-reports/cedric-skyers-prevention-of-future-deaths-report/
29/07/2022,,2022-0304,Charles Wheatley,,Leslie Hamilton,County Durham and DarlingtonCategory,,,,https://www.judiciary.uk/prevention-of-future-death-reports/charles-wheatley-prevention-of-future-deaths-report/
29/09/2022,,2022-0303,Aleksandra Markowska,,Nadia Persaud,East LondonCategory,,,,https://www.judiciary.uk/prevention-of-future-death-reports/aleksandra-markowska-prevention-of-future-deaths-report/
29/09/2022,,2022-0301,Charlotte Warkcup,,Derek Winter,SunderlandCategory,,,,https://www.judiciary.uk/prevention-of-future-death-reports/charlotte-warkcup-prevention-of-future-deaths-report/
03/08/2022,,2022-0300,Nigel Saunders,,Laurinda Bower,Nottinghamshire and NottinghamCategory,,,,https://www.judiciary.uk/prevention-of-future-death-reports/nigel-saunders-prevention-of-future-deaths-report/
28/09/2022,,2022-0299,Donna Neill,,Nadia Persaud,East LondonCategory,,,,https://www.judiciary.uk/prevention-of-future-death-reports/donna-neill-prevention-of-future-deaths-report/
26/09/2022,,2022-0298,Sandra Kirk,,Anna Loxton,Surrey,Suicide (from 2015)This report is being sent to,,,https://www.judiciary.uk/prevention-of-future-death-reports/sandra-kirk-prevention-of-future-deaths-report/
27/09/2022,,2022-0297,Liam Lyes-Watson,,John Ellery,Shropshire Telford and WrekinCategory,,,,https://www.judiciary.uk/prevention-of-future-death-reports/liam-lyes-watson-prevention-of-future-deaths-report/
26/09/2022,,2022-0296,Zachariah Richardson,,Jacqueline Lake,NorfolkCategory,,,,https://www.judiciary.uk/prevention-of-future-death-reports/zachariah-richardson-prevention-of-future-deaths-report/
09/11/2020,,,,,Caroline Topping,SurreyCategory,,,,https://www.judiciary.uk/prevention-of-future-death-reports/surrey-coroner-area-prevention-of-future-deaths-report/
08/06/2022,,2022-0295,Paul Morris and Alison Morris,,Hugh Bricknell,HerefordshireCategory,,,,https://www.judiciary.uk/prevention-of-future-death-reports/paul-morris-and-alison-morris-prevention-future-deaths-report/
26/09/2022,,2022-0294,Robert Howell,,Lorraine Harris,East Riding and HullCategory,,,,https://www.judiciary.uk/prevention-of-future-death-reports/robert-howell-prevention-future-deaths-report/
16/09/2022,,2022-0293,Colin Smith,,Karen Dilks,Newcastle and North TynesideCategory,,Tyne Housing Association,,https://www.judiciary.uk/prevention-of-future-death-reports/colin-smith-prevention-of-future-deaths-report/
14/09/2022,,2022-0292,Adam Gallagher,,Karen Dilks,Newcastle and North TynesideCategory,,,,https://www.judiciary.uk/prevention-of-future-death-reports/adam-gallagher-prevention-of-future-deaths-report/
20/09/2022,,2022-0291,Gary McDonald,,David Reid,WorcestshireCategory,,,,https://www.judiciary.uk/prevention-of-future-death-reports/gary-mcdonald-prevention-of-future-deaths-report/
19/11/2022,,2022-0290,Sarah McGarrigle,,Catherine McKenna,Manchester NorthCategory,,,,https://www.judiciary.uk/prevention-of-future-death-reports/sarah-mcgarrigle-prevention-of-future-deaths-report/
19/04/2022,,2022-0289,Sebastian Nottage,,Anna Crawford,SurreyCategory,,,,https://www.judiciary.uk/prevention-of-future-death-reports/sebastian-nottage-prevention-of-future-deaths-report/
15/09/2022,,2022-0288,Harper Denton,,Emma Whitting,Bedfordshire and LutonCategory,,,,https://www.judiciary.uk/prevention-of-future-death-reports/harper-denton-prevention-of-future-deaths-report/
21/11/2022,,2022-0287,Quinn Parker,,Elizabeth Didcock,Nottinghamshire and NottinghamCategory,,,,https://www.judiciary.uk/prevention-of-future-death-reports/quinn-parker-prevention-of-future-deaths-report/
14/09/2022,,2022-0286,Diane Austin-Martin,,Alison Mutch,Manchester SouthCategory,,,,https://www.judiciary.uk/prevention-of-future-death-reports/diane-austin-martin-prevention-of-future-deaths-report/
14/09/2022,,2022-0285,Maureen Harrop,,Alison Mutch,Manchester SouthCategory,,,,https://www.judiciary.uk/prevention-of-future-death-reports/maureen-harrop-prevention-of-future-deaths-report/
14/09/2022,,2022-0284,Irene Davies,,Alison Mutch,Manchester SouthCategory,,,,https://www.judiciary.uk/prevention-of-future-death-reports/irene-davies-prevention-of-future-deaths-report/
14/09/2022,,2022-0283,Lilian Shearing,,Paul Cooper,LincolnshireCategory,,,,https://www.judiciary.uk/prevention-of-future-death-reports/lilian-shearing-prevention-of-future-deaths-report/
12/09/2022,,2022-0282,Daniel Nelson,,Nicholas Rheinberg,Lancashire with Blackburn and DarwenCategory,,,,https://www.judiciary.uk/prevention-of-future-death-reports/daniel-nelson-prevention-of-future-deaths-report/
08/09/2022,,2022-0281,Robert Taylor,,Robert Simpson,"Hampshire, Portsmouth and SouthamptonCategory",,,,https://www.judiciary.uk/prevention-of-future-death-reports/robert-taylor-prevention-of-future-deaths-report/
07/09/2022,,2022-0280,Michael Rolfe,,Paul Cooper,LincolnshireCategory,,,,https://www.judiciary.uk/prevention-of-future-death-reports/michael-rolfe-prevention-of-future-deaths-report/
12/09/2022,,2022-0279,Delina Etienne,,Graeme Irvine,East LondonCategory,,,,https://www.judiciary.uk/prevention-of-future-death-reports/deline-etienne-prevention-of-future-deaths-report/
20/09/2022,,2022-0278,Robert Brown,,Joanne Andrews,North East KentCategory,,,,https://www.judiciary.uk/prevention-of-future-death-reports/robert-brown-prevention-of-future-deaths-report/
05/09/2022,,2022-0277,Demet Akcicek,,Mary Hassell,Inner North LondonCategory,,,,https://www.judiciary.uk/prevention-of-future-death-reports/demet-akcicek-prevention-of-future-deaths-report/
06/09/2022,,2022-0276,Frances Ollis,,Ian Arrow,"Plymouth, Torbay and South DevonCategory",,,,https://www.judiciary.uk/prevention-of-future-death-reports/frances-ollis-prevention-of-future-deaths-report/
05/09/2022,,2022-0275,James Tice,,Catherine McKenna,Manchester NorthCategory,,,,https://www.judiciary.uk/prevention-of-future-death-reports/james-tice-prevention-of-future-deaths-report/
05/09/2022,,2022-0274,Stephen Wells,,Karen Harrold,West SussexCategory,,,,https://www.judiciary.uk/prevention-of-future-death-reports/stephen-wells-prevention-of-future-deaths-report/
02/09/2022,,2022-0273,Violet Howard,,Catherine McKenna,Manchester NorthCategory,,,,https://www.judiciary.uk/prevention-of-future-death-reports/violet-howard-prevention-of-future-deaths-report/
04/09/2022,,2022-0272,Asher Sinclair,,Lydia Brown,West LondonCategory,,,,https://www.judiciary.uk/prevention-of-future-death-reports/asher-sinclair-prevention-of-future-deaths-report/
05/05/2022,,2022-0271,Keith Holmes,,Joanne Lees,Black CountryCategory,,,,https://www.judiciary.uk/prevention-of-future-death-reports/keith-holmes-prevention-of-future-deaths-report/
31/08/2022,,2022-0270,Gareth Williams,,Caroline Saunders,GwentCategory,,,,https://www.judiciary.uk/prevention-of-future-death-reports/gareth-williams-prevention-of-future-deaths-report/
31/08/2022,,2022-0269,Dainton Gittos,,Paul Cooper,LincolnshireCategory,,,,https://www.judiciary.uk/prevention-of-future-death-reports/dainton-gittos-prevention-of-future-deaths-report/
31/08/2022,,2022-0268,Beryl Holt,,Nigel Meadows,Manchester CityCategory,,,,https://www.judiciary.uk/prevention-of-future-death-reports/beryl-holt-prevention-of-future-deaths-report/
30/08/2022,,2022-0267,David Honnor,,Stephen Nicholls,DorsetCategory,,,,https://www.judiciary.uk/prevention-of-future-death-reports/david-honnor-prevention-of-future-deaths-report/
26/08/2022,,2022-0266,Christopher Lloyd,,Chris Morris,Manchester SouthCategory,,,,https://www.judiciary.uk/prevention-of-future-death-reports/christopher-lloyd-prevention-of-future-deaths-report/
26/08/2022,,2022-0265,Christina Ruse,,Jacqueline Lake,NorfolkCategory,,,,https://www.judiciary.uk/prevention-of-future-death-reports/christina-ruse-prevention-of-future-deaths-report/
26/08/2022,,2022-0264,Barbara Hollis,,Jaqueline Lake,NorfolkCategory,,,,https://www.judiciary.uk/prevention-of-future-death-reports/barbara-hollis-prevention-of-future-deaths-report/
25/08/2022,,2022-0263,Yuksel Ismail,,Emma Whitting,Bedfordshire and LutonCategory,,,,https://www.judiciary.uk/prevention-of-future-death-reports/yuksel-ismail-prevention-of-future-deaths-report/
11/08/2022,,2022-0262,Lily Girton,,Nadia Persaud,East LondonCategory,,,,https://www.judiciary.uk/prevention-of-future-death-reports/lily-girton-prevention-of-future-deaths-report/
31/03/2022,,2022-0261,Fadzai Chitakunye,,Dianne Hocking,Leicester City and South LeicestershireCategory,,,,https://www.judiciary.uk/prevention-of-future-death-reports/fadzai-chitakunye-prevention-of-future-deaths-report/
22/08/2022,,2022-0260,Eliot Harris,,Jaqueline Lake,NorfolkCategory,,,,https://www.judiciary.uk/prevention-of-future-death-reports/eliot-harris-prevention-of-future-deaths-report/
18/08/2022,,2022-0259,Chelsea Mooney,,Abigail Combes,South Yorkshire WesternCategory,,,,https://www.judiciary.uk/prevention-of-future-death-reports/chelsea-mooney-prevention-of-future-deaths-report/
18/08/2022,,2022-0258,John Heffron,,Kevin McLoughlin,West Yorkshire EasternCategory,,,,https://www.judiciary.uk/prevention-of-future-death-reports/john-heffron-prevention-of-future-deaths-report/
17/08/2022,,2022-0257,Lee Winslow,,Chris Morris,Manchester SouthCategory,,,,https://www.judiciary.uk/prevention-of-future-death-reports/lee-winslow-prevention-of-future-deaths-report/
17/08/2022,,2022-0256,Susan Regan,,Christopher Murray,Manchester SouthCategory,,,,https://www.judiciary.uk/prevention-of-future-death-reports/susan-regan-prevention-of-future-deaths-report/
17/08/2022,,2022-0255,Philip Jones,,Alison Mutch,Manchester SouthCategory,,,,https://www.judiciary.uk/prevention-of-future-death-reports/philip-jones-prevention-of-future-deaths-report/
12/08/2022,,2022-0254,Gerald Tuck,,Rachael Griffin,DorsetCategory,,,,https://www.judiciary.uk/prevention-of-future-death-reports/gerald-tuck-prevention-of-future-deaths-report/
11/08/2022,,2022-0253,Katie Horne,,Andrew Harris,Inner South LondonCategory,,,,https://www.judiciary.uk/prevention-of-future-death-reports/katie-horne-prevention-of-future-deaths-report/
12/08/2022,,2022-0252,Helen Burnell,,Tony Williams,SomersetCategory,,,,https://www.judiciary.uk/prevention-of-future-death-reports/helen-burnell-prevention-of-future-deaths-report/
10/08/2022,,2022-0251,Neil McDougall,,Samantha Marsh,SomersetCategory,,,,https://www.judiciary.uk/prevention-of-future-death-reports/neil-mcdougall-prevention-of-future-deaths-report/
12/08/2022,,2022-0250,Brandon Pryde and David Faulkner,,Adrian Farrow,Manchester SouthCategory,,Greater Manchester Police and Roads and Crime Unit and Response,,https://www.judiciary.uk/prevention-of-future-death-reports/brandon-pryde-and-david-faulkner-prevention-of-future-deaths-report/
09/08/2022,,2022-0249,Mathew Moore,,Stephen Nicholls,DorsetCategory,,,,https://www.judiciary.uk/prevention-of-future-death-reports/mathew-moore-prevention-of-future-deaths-report/
08/08/2022,,2022-0248,Gerwyn Rees,,Robert Sowersby,AvonCategory,,,,https://www.judiciary.uk/prevention-of-future-death-reports/gerwyn-rees-prevention-of-future-deaths-report/
07/08/2022,,2022-0247,Robyn Skilton,,Penelope Schofield,West SussexCategory,,,,https://www.judiciary.uk/prevention-of-future-death-reports/robyn-skilton-prevention-of-future-deaths-report/
06/08/2022,,2022-0246,Ernest Bacon,,Alison Mutch,Manchester SouthCategory,,,,https://www.judiciary.uk/prevention-of-future-death-reports/ernest-bacon-prevention-of-future-deaths-report/
04/08/2022,,2022-0245,Stanislav Mucha,,Joanne Kearsley,Manchester NorthCategory,,,,https://www.judiciary.uk/prevention-of-future-death-reports/stanislav-mucha-prevention-of-future-deaths-report/
03/08/2022,,2022-0244,Kellum Thomas,,Elizabeth Didcock,Nottinghamshire and NottinghamCategory,,,,https://www.judiciary.uk/prevention-of-future-death-reports/kellum-thomas-prevention-of-future-deaths-report/
04/08/2022,,2022-0243,Margaret Warwick,,Alison Mutch,Manchester SouthCategory,,,,https://www.judiciary.uk/prevention-of-future-death-reports/margaret-warwick-prevention-of-future-deaths-report/
04/08/2022,,2022-0242,Roy Draper,,Sophie Lomas,Derby and DerbyshireCategory,,,,https://www.judiciary.uk/prevention-of-future-death-reports/roy-draper-prevention-of-future-deaths-report/
04/08/2022,,2022-0241,Malcom Garrett,,Alison Mutch,Manchester SouthCategory,,,,https://www.judiciary.uk/prevention-of-future-death-reports/malcom-garrett-prevention-of-future-deaths-report/
04/08/2022,,2022-0240,John Kay,,Alison Mutch,Manchester SouthCategory,,,,https://www.judiciary.uk/prevention-of-future-death-reports/john-kay-prevention-of-future-deaths-report/
04/08/2022,,2022-0239,James Curry,,Alison Mutch,Manchester SouthCategory,,,,https://www.judiciary.uk/prevention-of-future-death-reports/james-curry-prevention-of-future-deaths-report/
03/08/2022,,2022-0238,Alison Dallow,,Hugh Bricknell,HerefordshireCategory,,,,https://www.judiciary.uk/prevention-of-future-death-reports/alison-dallow-prevention-of-future-deaths-report/
02/08/2022,,2022-0237,Stanley Hardy,,Georgina Nolan,Newcastle and North TynesideCategory,,,,https://www.judiciary.uk/prevention-of-future-death-reports/stanley-hardy-prevention-of-future-deaths-report/
29/07/2022,,2022-0236,Locksley Burton,,Andrew Harris,Inner South LondonCategory,,,,https://www.judiciary.uk/prevention-of-future-death-reports/locksley-burton-prevention-of-future-deaths-report/
29/07/2022,,2022-0235,Christopher Boughton,,Anna Loxton,SurreyCategory,,,,https://www.judiciary.uk/prevention-of-future-death-reports/christopher-boughton-prevention-of-future-deaths-report/
28/07/2022,,2022-0234,Brian Parry,,Tanyka Rawden,South Yorkshire WesternCategory,,Brunswick Retirement Village,,https://www.judiciary.uk/prevention-of-future-death-reports/brian-parry-prevention-of-future-deaths-report/
01/06/2022,,2022-0233,Esma Guzel,,Dominic Bell,Hull and East Riding of YorkshireCategory,,,,https://www.judiciary.uk/prevention-of-future-death-reports/esma-guzel-prevention-of-future-deaths-report/
26/07/2022,,2022-0232,Hemanta Rai,,Rachel Knight,South Wales CentralCategory,,,,https://www.judiciary.uk/prevention-of-future-death-reports/hemanta-rai-prevention-of-future-deaths-report/
26/07/2022,,2022-0231,Archi Johnson,,Alison Longhorn,Exeter and Greater DevonCategory,,,,https://www.judiciary.uk/prevention-of-future-death-reports/archi-johnson-prevention-of-future-deaths-report/
26/07/2022,,2022-0230,Kane Davidson,,Edward Morgan,Manchester NorthCategory,,,,https://www.judiciary.uk/prevention-of-future-death-reports/kane-davidson-prevention-of-future-deaths-report/
25/07/2022,,2022-0229,Stephen Coombes,,Nigel Parsley,SuffolkCategory,,,,https://www.judiciary.uk/prevention-of-future-death-reports/stephen-coombes-prevention-of-future-deaths-report/
20/07/2022,,2022-0228,Jade Hart,,Elizabeth Didcock,NottinghamshireCategory,,,,https://www.judiciary.uk/prevention-of-future-death-reports/jade-hart-prevention-of-future-deaths-report/
25/07/2022,,2022-0227,Natalie Mortimer,,Bina Patel,Mid Kent and MedwayCategory,,,,https://www.judiciary.uk/prevention-of-future-death-reports/natalie-mortimer-prevention-of-future-deaths-report/
25/07/2022,,2022-0226,Ethan Wright,,Nigel Parsley,SuffolkCategory,,,,https://www.judiciary.uk/prevention-of-future-death-reports/ethan-wright-prevention-of-future-deaths-report/
16/07/2022,,2022-0225,Thomas Smith,,Tom Stoate,Bedfordshire and LutonCategory,,,,https://www.judiciary.uk/prevention-of-future-death-reports/thomas-smith-prevention-of-future-deaths-report/
22/07/2022,,2022-0224,Michael Shuttleworth,,Oliver Longstaff,West Yorkshire EasternCategory,,,,https://www.judiciary.uk/prevention-of-future-death-reports/michael-shuttleworth-prevention-of-future-deaths-report/
21/07/2022,,2022-0222,Gaia Pope-Sutherland,,Rachael Griffin,DorsetCategory,,,,https://www.judiciary.uk/prevention-of-future-death-reports/gaia-pope-sutherland-prevention-of-future-deaths-report/
19/07/2022,,2022-0221,Muhammad Hassan,,Samantha Goward,Cambridgeshire and PeterboroughCategory,,,,https://www.judiciary.uk/prevention-of-future-death-reports/muhammad-hasan-prevention-of-future-deaths-report/
19/07/2022,,2022-0220,Ezra Tamiem,,Sean Cummings,Bedfordshire and LutonCategory,,,,https://www.judiciary.uk/prevention-of-future-death-reports/ezra-tamiem-prevention-of-future-deaths-report/
19/07/2022,,2022-0219,Beryl Simcock,,Gordon Clow,Nottinghamshire and NottinghamCategory,,,,https://www.judiciary.uk/prevention-of-future-death-reports/beryl-simcock-prevention-of-future-deaths-report/
18/07/2022,,2022-0218,Graham White,,Graeme Irvine,East LondonCategory,,,,https://www.judiciary.uk/prevention-of-future-death-reports/graham-white-prevention-of-future-deaths-report/
14/07/2022,,2022-0217,Gordon Hendley,,Nicholas Shaw,CumbriaCategory,,,,https://www.judiciary.uk/prevention-of-future-death-reports/gordon-hendley-prevention-of-future-deaths-report/
17/07/2022,,2022-0216,Ronald Hartley,,Alison Mutch,Manchester SouthCategory,,,,https://www.judiciary.uk/prevention-of-future-death-reports/ronald-hartley-prevention-of-future-deaths-report/
17/07/2022,,2022-0215,Rebecca Flint,,Adrian Farrow,Manchester SouthCategory,,,,https://www.judiciary.uk/prevention-of-future-death-reports/rebecca-flint-prevention-of-future-deaths-report/
17/07/2022,,2022-0214,James Booth,,Andrew Bridgman,Manchester SouthCategory,,,,https://www.judiciary.uk/prevention-of-future-death-reports/james-booth-prevention-of-future-deaths-report/
17/07/2022,,2022-0213,Kathleen Stewart,,Alison Mutch,Manchester SouthCategory,,,,https://www.judiciary.uk/prevention-of-future-death-reports/kathleen-stewart-prevention-of-future-deaths-report/
17/07/2022,,2022-0212,Darren Jones,,Alison Mutch,Manchester SouthCategory,,,,https://www.judiciary.uk/prevention-of-future-death-reports/darren-jones-prevention-of-future-deaths-report/
14/07/2022,,2022-0211,Kieran Crimmins,,Paul Bennett,Carmarthenshire and PembrokeshireCategory,,,,https://www.judiciary.uk/prevention-of-future-death-reports/kieran-crimmins-prevention-of-future-deaths-report/
12/07/2022,,2022-0210,Barbara Proudlove,,Jason Pegg,"Hampshire, Portsmouth and SouthamptonCategory",,,,https://www.judiciary.uk/prevention-of-future-death-reports/barbara-proudlove-prevention-of-future-deaths-report/
13/07/2022,,2022-0209,Daniel Clements,,Kevin McLoughlin,West Yorkshire WesternCategory,,,,https://www.judiciary.uk/prevention-of-future-death-reports/daniel-clements-prevention-of-future-deaths-report/
07/07/2022,,2022-0208,Seema Haribhai,,Mary Hassell,Inner North LondonCategory,,,,https://www.judiciary.uk/prevention-of-future-death-reports/seema-haribhai-prevention-of-future-deaths-report/
05/07/2022,,2022-0207,Anthony McLellan,,Joan Broadbridge,North Yorkshire and YorkCategory,,,,https://www.judiciary.uk/prevention-of-future-death-reports/antony-mclellan-prevention-of-future-deaths-report/
04/07/2022,,2022-0206,Ann Pickering,,David Urpeth,South Yorkshire WesternCategory,,,,https://www.judiciary.uk/prevention-of-future-death-reports/ann-pickering-prevention-of-future-deaths-report/
01/07/2022,,2022-0205,Joan Richardson,,Julie Goulding,Sefton St Helens & KnowsleyCategory,,,,https://www.judiciary.uk/prevention-of-future-death-reports/joan-richardson-prevention-of-future-deaths-report/
01/07/22,,2022-0204,Dominic Noble,,Kevin McLoughlin,West Yorkshire (Eastern),Suicide (from 2015) | Police related deaths,Practice Plus Group Health and Rehabilitation Services Limited,,https://www.judiciary.uk/prevention-of-future-death-reports/dominic-noble-prevention-of-future-deaths-report/
01/07/22,,2022-0203,Daniel Xavier,,Graeme Irvine,East London,Hospital Death (Clinical Procedures and medical management) related deaths,Barts Health and Department of Health and Social Care,,https://www.judiciary.uk/prevention-of-future-death-reports/daniel-xavier-prevention-of-future-deaths-report/
01/07/22,,2022-0202,Shona Campbell,,Nigel Meadows,Manchester City,Suicide (from 2015) | Mental Health related deaths | Community health care and emergency services related deaths,"Alternative Futures Group, Safety Matters Ltd and A new company Safety Matters (Legal) Limited",,https://www.judiciary.uk/prevention-of-future-death-reports/shona-campbell-prevention-of-future-deaths-report/
29/06/22,,2022-0201,Paul Meadows,,Peter Taheri,Suffolk,"Alcohol, drug and medication related deaths | Mental Health related deaths",Ipswich and East Suffolk Clinical Commissioning Group and Department of Health and Social Care,,https://www.judiciary.uk/prevention-of-future-death-reports/paul-meadows-prevention-of-future-deaths-report/
29/06/22,,2022-0200,Louise Bailey,,Jonathan Landau,Inner South London,Road (Highways Safety) related deaths | Police related deaths,"Metropolitan Police Service, The College of Policing and The National Police Chief Council",,https://www.judiciary.uk/prevention-of-future-death-reports/louise-bailey-prevention-of-future-deaths-report/
27/06/22,,2022-0199,David Hulme,,Ian Arrow,"Plymouth, Torbay and South Devon",Hospital Death (Clinical Procedures and medical management) related deaths,University Hospitals Plymouth NHS Trust,,https://www.judiciary.uk/prevention-of-future-death-reports/david-hulme-prevention-of-future-deaths-report/
27/06/22,,2022-0198,Michael Vince,,Graeme Irvine,East London,"Alcohol, drug and medication related deaths | Mental Health related deaths",North East London Foundation Trust and High St Surgery,,https://www.judiciary.uk/prevention-of-future-death-reports/michael-vince-prevention-of-future-deaths-report/
24/06/22,,2022-0197,Zsolt Kirjak,,Russell Caller,Inner West London,Suicide (from 2015) | Mental Health related deaths,"The Portland Practice, Central and North West London NHS Foundation Trust, Imperial College health Care NHS Trust and West London NHS Trust",,https://www.judiciary.uk/prevention-of-future-death-reports/zsolt-kirjak-prevention-of-future-deaths-report/
23/06/22,,2022-0196,Alun Davies,,Christopher Wilkinson,"Hampshire, Portsmouth and Southampton",Mental Health related deaths | Suicide (from 2015) | Railway related deaths,South Western Railway and BTP Fatal Investigations Officer,,https://www.judiciary.uk/prevention-of-future-death-reports/alun-davies-prevention-of-future-deaths-report/
24/06/22,,2022-0195,Grenville Wait,,Chris Morris,Manchester South,Emergency services related deaths (2019 onwards),Department of Health and Social Care,,https://www.judiciary.uk/prevention-of-future-death-reports/grenville-wait-prevention-of-future-deaths-report/
23/06/22,,2022-0194,Peter Moorby,,Kirsty Gomersal,Cumbria,"Alcohol, drug and medication related deaths",Cumbria County Council,,https://www.judiciary.uk/prevention-of-future-death-reports/peter-moorby-prevention-of-future-deaths-report/
23/06/22,,2022-0193,Khalid Yousef,,James Bennett,Birmingham and Solihull,Mental Health related deaths | Other related deaths,"NHS England, Birmingham and Solihull Mental Health, Home Office and West Midlands Police",,https://www.judiciary.uk/prevention-of-future-death-reports/khalid-yousef-prevention-of-future-deaths-report/
21/06/22,,2022-0192,Kate Hyatt,,Crispin Oliver,West Yorkshire (Western),Mental Health related deaths | Suicide (from 2015),Hands of Light Academy,,https://www.judiciary.uk/prevention-of-future-death-reports/kate-hyatt-prevention-of-future-deaths-report/
22/06/22,,2022-0191,Luke Flynn,,Andrew Walker,Inner North London,"Alcohol, drug and medication related deaths | Police related deaths",Metropolitan Police,,https://www.judiciary.uk/prevention-of-future-death-reports/luke-flynn-prevention-of-future-deaths-report/
22/06/22,,2022-0190,Connor Marron,,Andrew Walker,Inner North London,Railway related deaths,"Thames Water, Alexandra Palace and Network Rail",,https://www.judiciary.uk/prevention-of-future-death-reports/connor-marron-prevention-of-future-deaths-report/
14/06/22,,2022-0189,Keith Nottle,,Gordon Clow,Nottingham City and Nottinghamshire,"Mental Health related deaths | Alcohol, drug and medication related deaths",Nottinghamshire Healthcare Trust and Turning Point,,https://www.judiciary.uk/prevention-of-future-death-reports/keith-nottle-prevention-of-future-deaths-report/
22/06/2022,,2022-0188,Derek Holmes,,Chris Morris,Manchester South,Community health care and emergency services related deaths | Other related deaths |,Tameside and Glossop Integrated Care NHS Foundation Trust,,https://www.judiciary.uk/prevention-of-future-death-reports/derek-holmes-prevention-of-future-deaths-report/
17/06/2022,,2022-0187,Margaret Stringer,,Tim Holloway,Blackpool and Fylde,Suicide (from 2015) | Mental Health related deaths | Care Home Health related deaths,"Lancashire and South Cumbria NHS Foundation Trust, Blackpool Teaching Hospitals NHS Foundation Trust, Lancashire County Council, Nightingales Care Limited and Zion Care Limited.",,https://www.judiciary.uk/prevention-of-future-death-reports/margaret-stringer-prevention-of-future-deaths-report/
17/06/2022,,2022-0186,Donald Gore,,Simon Fox,Avon,Hospital Death (Clinical Procedures and medical management) related deaths,Air Balloon Surgery and Care Quality Commission,,https://www.judiciary.uk/prevention-of-future-death-reports/donald-gore-prevention-of-future-deaths-report/
20/06/2022,,2022-0185,Adele Massoudi,,Heidi Connor,Berkshire,Child Death (from 2015) | Community health care and emergency services related deaths,Royal Berkshire NHS Foundation Trust,,https://www.judiciary.uk/prevention-of-future-death-reports/adele-massoudi-prevention-of-future-deaths-report/
20/06/2022,,2022-0184,Khalid Abiaz,,Kristen Heaven,Manchester South,State Custody related deaths | Mental Health related deaths | Suicide (from 2015),"HMP Swansea, Ministry of Justice and Swansea Bay University Health Board",,https://www.judiciary.uk/prevention-of-future-death-reports/khalid-abiaz-prevention-of-future-deaths-report/
17/06/2022,,2022-0183,Amanda Hesketh,,Chris Morris,Manchester South,"Alcohol, drug and medication related deaths",Donneybrook Medical Centre,,https://www.judiciary.uk/prevention-of-future-death-reports/amanda-hesketh-prevention-of-future-deaths-report/
17/06/2022,,2022-0182,Victoria Cartwright,,Rachel Syed,Manchester West,"Alcohol, drug and medication related deaths | Mental Health related deaths",Wigan Discharge Team,,https://www.judiciary.uk/prevention-of-future-death-reports/victoria-cartwright-prevention-of-future-deaths-report/
17/06/2022,,2022-0181,Gwynne Samuel,,Caroline Saunders,Gwent,Emergency services related deaths (2019 onwards),Wales Ambulance Service NHS Trust | Wales prevention of future deaths reports (2019 onwards),,https://www.judiciary.uk/prevention-of-future-death-reports/gwynne-samuel-prevention-of-future-deaths-report/
16/06/2022,,2022-0180,Lee Caruana,,Emma Brown,Birmingham and Solihull,Emergency services related deaths (2019 onwards),Birmingham Integrated Care Board and NHS England and Department of Health and Social Care,,https://www.judiciary.uk/prevention-of-future-death-reports/lee-caruana-prevention-of-future-deaths-report/
16/06/2022,,2022-0179,James Manning,,Karen Harrold,West Sussex,Community health care and emergency services related deaths | Child Death (from 2015),NHS England and East Sussex Healthcare NHS Trust and Brighton and Sussex University Hospitals NHS Trust and Bourne Leisure Ltd,,https://www.judiciary.uk/prevention-of-future-death-reports/james-manning-prevention-of-future-deaths-report/
15/06/2022,,2022-0178,Paul Welch,,Andrew Cox,Cornwall and Isles of Scilly,Other related deaths,Cornwall Council and Mylor Parish Council and Sailors Creek CIC,,https://www.judiciary.uk/prevention-of-future-death-reports/paul-welch-prevention-of-future-deaths-report/
15/06/2022,,2022-0177,William Savory,,Anna Crawford,Surrey,"Alcohol, drug and medication related deaths | Community health care and emergency services related deaths",Surrey and Borders Partnership NHS Foundation Trust,,https://www.judiciary.uk/prevention-of-future-death-reports/william-savory-prevention-of-future-deaths-report/
15/06/2022,,2022-0176,Marjorie Walker,,Alison Mutch,Manchester South,"Hospital Death (Clinical Procedures and medical management) related deaths | Alcohol, drug and medication related deaths",Department of Health and Social Care and Greater Manchester Health and Social Care Partnership,,https://www.judiciary.uk/prevention-of-future-death-reports/marjorie-walker-prevention-of-future-deaths-report/
15/06/2022,,2022-0175,Keith Hopwood,,Alison Mutch,Manchester South,Emergency services related deaths (2019 onwards),Department of Health and Social Care,,https://www.judiciary.uk/prevention-of-future-death-reports/keith-hopwood-prevention-of-future-deaths-report/
26/01/2022,,2022-0174,Manon Jones,,David Regan,South Wales Central,Mental Health related deaths | Suicide (from 2015),Cwm Taf Morgannwg University Health Board,,https://www.judiciary.uk/prevention-of-future-death-reports/manon-jones-prevention-of-future-deaths-report/
08/06/2022,,2022-0173,Ian Taylor,,Andrew Harris,Inner South London,Police related deaths,Independent Officer for Police Conduct and Metropolitan Police Service,,https://www.judiciary.uk/prevention-of-future-death-reports/ian-taylor-prevention-of-future-deaths-report/
09/06/2022,,2022-0172,Shirley Moloney,,Nadia Persaud,East London,Mental Health related deaths,Department of Health and Social Care and The National Quality Board,,https://www.judiciary.uk/prevention-of-future-death-reports/shirley-moloney-prevention-of-future-deaths-report/
07/06/2022,,2022-0171,Daniel Ludlam,,Katrina Hepburn,Central & South East Kent,Emergency services related deaths (2019 onwards),NHS Digital and Department of Health and Social Care,,https://www.judiciary.uk/prevention-of-future-death-reports/daniel-ludlam-prevention-of-future-deaths-report/
19/04/22,,2022-0170,Volodymyr Korol,,Anna Crawford,Surrey,Mental Health related deaths | Community Health Care | Emergency Services related deaths,Whitepost healthcare Group,,https://www.judiciary.uk/prevention-of-future-death-reports/volodymyr-korol-prevention-of-future-deaths-report/
09/06/22,,2022-0169,Lilian Behrendt,,Jacqueline Lake,Norfolk,Care Home Health related deaths | Emergency Services related deaths (2019 onwards) | Community Health Care,Downham Grange Care Home,,https://www.judiciary.uk/prevention-of-future-death-reports/lilian-behrendt-prevention-of-future-deaths-report/
09/06/22,,2022-0168,Jennifer Dyer,,James Healy-Pratt,East Sussex,Road (Highways Safety) related deaths,East Sussex County Council,,https://www.judiciary.uk/prevention-of-future-death-reports/jennifer-dyer-prevention-of-future-deaths-report/
08/06/22,,2022-0167,Jack Hurn,,Emma Brown,Birmingham and Solihull,Hospital Death (Clinical Procedures and medical management) related deaths,Worcestershire Acute Hospitals NHS trust,,https://www.judiciary.uk/prevention-of-future-death-reports/jack-hurn-prevention-of-future-deaths-report/
07/06/22,,2022-0166,Mena Terefi,,Lydia Brown,West London,Mental Health related deaths | Suicide (from 2015),NHS England and West London Mental Health NHS Trust,,https://www.judiciary.uk/prevention-of-future-death-reports/mena-teferi-prevention-of-future-deaths-report/
06/06/22,,2022-0165,Andrew Nixon,,Richard Middleton,Dorset,Mental Health related deaths | Suicide (from 2015),Somerset NHS Foundation Trust,,https://www.judiciary.uk/prevention-of-future-death-reports/andrew-nixon-prevention-of-future-deaths-report/
01/06/22,,2022-0164,Angela Maguire,,Lydia Brown,West London,Hospital Death (Clinical Procedures and medical management) related deaths,NHS England and Kingston Hospital NHS Trust,,https://www.judiciary.uk/prevention-of-future-death-reports/angela-maguire-prevention-of-future-deaths-report/
01/06/22,,2022-0163,Samuel Gomm,,Graeme Hughes,South Wales Central,Mental Health related deaths | Suicide (from 2015),Powys Teaching Health Board and Powys County Council,,https://www.judiciary.uk/prevention-of-future-death-reports/samuel-gomm-prevention-of-future-deaths-report/
13/05/22,,2022-0162,Rita Britten,,John Broadbridge,West Yorkshire Western,Hospital Death (Clinical Procedures and medical management) related deaths,NHS England and Resuscitation Council,,https://www.judiciary.uk/prevention-of-future-death-reports/rita-britten-prevention-of-future-deaths-report/
30/05/22,,2022-0161,Albert Manley,,David Ridley,Wiltshire and Swindon,Road (Highways Safety) related deaths,Highways and Transport and Wiltshire Council,,https://www.judiciary.uk/prevention-of-future-death-reports/albert-manley-prevention-of-future-deaths-report/
30/05/22,,2022-0160,Mark Sumnall,,Peter Nieto,Derby and Derbyshire,Hospital Death (Clinical Procedures and medical management) related deaths,Derbyshire County Council and NHS Derby & Derbyshire Clinical Commissioning Group,,https://www.judiciary.uk/prevention-of-future-death-reports/mark-sumnall-prevention-of-future-deaths-report/
12/07/22,,2022-0159,Louise Allen,,Nadia Persuad,East London,Mental Health related deaths | Suicide (from 2015),North East London NHS Foundation Trust and The Clinical Commissioning Group,,https://www.judiciary.uk/prevention-of-future-death-reports/louise-allen-prevention-of-future-deaths-report/
25/05/22,,2022-0158,Ian Cockfield,,Graeme Irvine,East London,Hospital Death (Clinical Procedures and medical management) related deaths,Department of Health and Social Care and East London Foundation NHS Trust,,https://www.judiciary.uk/prevention-of-future-death-reports/ian-cockfield-prevention-of-future-deaths-report/
26/05/22,,2022-0157,Dean Crossman,,Jo Wharton,Teesside and Hartlepool,Suicide (from 2015),NHS England and NHS Tees Valley CCG,,https://www.judiciary.uk/prevention-of-future-death-reports/dean-crossman-prevention-of-future-deaths-report/
25/05/2022,,2022-0156,Elizabeth Mills,,Graeme Irvine,East London,Hospital Death (Clinical Procedures and medical management) related deaths,The Barking Havering and Redbridge NHS Trust,,https://www.judiciary.uk/prevention-of-future-death-reports/elizabeth-mills-prevention-of-future-deaths-report/
15 May 2022,,2022-0145,Connor Wellsted,,Karen Henderson,Surrey,Child Death (from 2015) |Hospital Death (Clinical Procedures and medical management) related deaths,"NHS England, Department of Health, Childrens Trust  Tadworth, CQC and Sheffield Clinical Commissioning Group",,https://www.judiciary.uk/prevention-of-future-death-reports/connor-wellsted-prevention-of-future-deaths-report/
13 May 2022,,2022-0142,Spencer Barr,,Adam Hodson,Birmingham and Solihull,"Hospital Death (Clinical Procedures and medical management) related deaths | Mental Health related deaths | Alcohol, drug and medication related deaths | Other related deaths","Probation Service  Young Adults Central Team, Birmingham Womens and Childrens NHS Foundation Trust, Change Grow Live and Forward Thinking Birmingam",,https://www.judiciary.uk/prevention-of-future-death-reports/spencer-barr-prevention-of-future-deaths-report/
09/05/2022,,2022-0135,Raymond Griffiths,,Dr Fiona Wilcox,Inner West London,Hospital Death (Clinical Procedures and medical management) related deaths,St Georges Hospital and NHS England & NHS Improvement,,https://www.judiciary.uk/prevention-of-future-death-reports/raymond-griffiths-prevention-of-future-deaths-report/
25 April 2022,,2022-0120,Cassian Curry,,Abigail Combes,South Yorkshire (West District),Hospital Death (Clinical Procedures and medical management) related deaths |Child Death (from 2015),Sheffield Teaching Hospitals NHS Foundation Trust,,https://www.judiciary.uk/prevention-of-future-death-reports/cassian-curry-prevention-of-future-deaths-report/
